Date,Outlet_ID,Brand,Avg__Temperature,Rain,Staff_Count,Promotion_Type,Compliance_Score,Total_Sales_PKR,Day_of_Week,Foot_Traffic,Risk_Flag,Outlet_Type,Operating_Hours,Simulated_Conversion_Rate,Avg_Order_Value,Low_Compliance,Compliance_Block,Foot_Traffic_Adjusted,Risk_Lock,Predicted_Sales_LR,Prediction_Error,R2_Score,RMSE
1/1/2025,TLT_F11_ISB,The Lost Tribe - F-11,13.3,0,7,,73,177552,Wednesday,432,0,Standalone,1pm–12am,0.16,2700,FALSE,0,411,0,121675.8229,55876.17712,0.972550327,38205.91084
1/2/2025,TLT_F11_ISB,The Lost Tribe - F-11,11.1,0,14,,85,244188,Thursday,513,0,Standalone,1pm–12am,0.19,2700,FALSE,0,476,0,224227.5889,19960.41114,0.972550327,38205.91084
1/3/2025,TLT_F11_ISB,The Lost Tribe - F-11,11.7,0,9,,83.9,227710.44,Friday,554.04,0,Standalone,1pm–12am,0.19,2916,FALSE,0,411,0,203720.4849,23989.95512,0.972550327,38205.91084
1/4/2025,TLT_F11_ISB,The Lost Tribe - F-11,13.1,0,9,,85.8,345720.96,Saturday,554.04,0,Standalone,1pm–12am,0.19,2916,FALSE,0,624,0,375755.952,-30034.99203,0.972550327,38205.91084
1/5/2025,TLT_F11_ISB,The Lost Tribe - F-11,11.2,0,9,,64.7,187090.56,Sunday,466.56,1,Standalone,1pm–12am,0.16,2916,TRUE,0,401,0,144392.5289,42698.03107,0.972550327,38205.91084
1/7/2025,TLT_F11_ISB,The Lost Tribe - F-11,10.3,0,13,,76.5,298080,Tuesday,432,0,Standalone,1pm–12am,0.16,2700,FALSE,0,690,0,345997.8658,-47917.86583,0.972550327,38205.91084
1/8/2025,TLT_F11_ISB,The Lost Tribe - F-11,11.2,0,13,,60.3,198720,Wednesday,432,1,Standalone,1pm–12am,0.16,2700,TRUE,0,460,0,160218.672,38501.32798,0.972550327,38205.91084
1/9/2025,TLT_F11_ISB,The Lost Tribe - F-11,8.7,0,12,,71.1,217296,Thursday,432,0,Standalone,1pm–12am,0.16,2700,FALSE,0,503,0,195128.741,22167.25901,0.972550327,38205.91084
1/11/2025,TLT_F11_ISB,The Lost Tribe - F-11,8.2,0,14,,58.7,314461.44,Saturday,466.56,1,Standalone,1pm–12am,0.16,2916,TRUE,0,674,0,364029.8801,-49568.44013,0.972550327,38205.91084
1/12/2025,TLT_F11_ISB,The Lost Tribe - F-11,13.8,0,15,,88.2,279790.2,Sunday,554.04,0,Standalone,1pm–12am,0.19,2916,FALSE,0,505,0,278624.3371,1165.862946,0.972550327,38205.91084
1/13/2025,TLT_F11_ISB,The Lost Tribe - F-11,10.4,0,13,,81.1,261117,Monday,513,0,Standalone,1pm–12am,0.19,2700,FALSE,0,509,0,251047.2476,10069.75242,0.972550327,38205.91084
1/14/2025,TLT_F11_ISB,The Lost Tribe - F-11,14.5,0,10,,69.1,210384,Tuesday,432,1,Standalone,1pm–12am,0.16,2700,TRUE,0,487,0,182544.534,27839.46602,0.972550327,38205.91084
1/15/2025,TLT_F11_ISB,The Lost Tribe - F-11,11.4,0,11,Platinum Debit 40% Off,80.8,569052,Wednesday,1188,0,Standalone,1pm–12am,0.44,2700,FALSE,0,479,0,654101.8179,-85049.81785,0.972550327,38205.91084
1/16/2025,TLT_F11_ISB,The Lost Tribe - F-11,9.9,0,12,,84.6,209817,Thursday,513,0,Standalone,1pm–12am,0.19,2700,FALSE,0,409,0,170453.7078,39363.29221,0.972550327,38205.91084
1/17/2025,TLT_F11_ISB,The Lost Tribe - F-11,7.5,0,5,,60.6,275736.96,Friday,466.56,1,Standalone,1pm–12am,0.16,2916,TRUE,0,591,0,298526.746,-22789.78598,0.972550327,38205.91084
1/18/2025,TLT_F11_ISB,The Lost Tribe - F-11,12.2,0,10,,100,241561.44,Saturday,554.04,0,Standalone,1pm–12am,0.19,2916,FALSE,0,436,0,223757.0612,17804.37877,0.972550327,38205.91084
1/20/2025,TLT_F11_ISB,The Lost Tribe - F-11,13.4,0,15,,77,210816,Monday,432,0,Standalone,1pm–12am,0.16,2700,FALSE,0,488,0,182508.6291,28307.37086,0.972550327,38205.91084
1/21/2025,TLT_F11_ISB,The Lost Tribe - F-11,9.9,0,10,,85.6,345249,Tuesday,513,0,Standalone,1pm–12am,0.19,2700,FALSE,0,673,0,384019.8792,-38770.87918,0.972550327,38205.91084
1/22/2025,TLT_F11_ISB,The Lost Tribe - F-11,9.7,0,15,,79.3,250128,Wednesday,432,0,Standalone,1pm–12am,0.16,2700,FALSE,0,579,0,256008.738,-5880.737972,0.972550327,38205.91084
1/23/2025,TLT_F11_ISB,The Lost Tribe - F-11,9.2,0,13,,83.6,258039,Thursday,513,0,Standalone,1pm–12am,0.19,2700,FALSE,0,503,0,246203.5598,11835.44021,0.972550327,38205.91084
1/24/2025,TLT_F11_ISB,The Lost Tribe - F-11,10.3,0,13,,82.4,373977,Friday,554.04,0,Standalone,1pm–12am,0.19,2916,FALSE,0,675,0,416263.1926,-42286.1926,0.972550327,38205.91084
1/25/2025,TLT_F11_ISB,The Lost Tribe - F-11,9.9,0,14,,73.2,240744.96,Saturday,466.56,0,Standalone,1pm–12am,0.16,2916,FALSE,0,516,0,236431.5557,4313.404321,0.972550327,38205.91084
1/26/2025,TLT_F11_ISB,The Lost Tribe - F-11,14.2,0,11,,76.8,313528.32,Sunday,466.56,0,Standalone,1pm–12am,0.16,2916,FALSE,0,672,0,362941.9884,-49413.6684,0.972550327,38205.91084
1/27/2025,TLT_F11_ISB,The Lost Tribe - F-11,10.2,0,12,,79.4,299808,Monday,432,0,Standalone,1pm–12am,0.16,2700,FALSE,0,694,0,349401.4391,-49593.43908,0.972550327,38205.91084
1/28/2025,TLT_F11_ISB,The Lost Tribe - F-11,11.9,0,10,,73.6,255744,Tuesday,432,0,Standalone,1pm–12am,0.16,2700,FALSE,0,592,0,267354.0738,-11610.0738,0.972550327,38205.91084
1/29/2025,TLT_F11_ISB,The Lost Tribe - F-11,12.7,0,15,,88.1,322677,Wednesday,513,0,Standalone,1pm–12am,0.19,2700,FALSE,0,629,0,347633.7908,-24956.79084,0.972550327,38205.91084
1/30/2025,TLT_F11_ISB,The Lost Tribe - F-11,3.1,0,8,,98.1,296514,Thursday,513,0,Standalone,1pm–12am,0.19,2700,FALSE,0,578,0,307643.2722,-11129.27215,0.972550327,38205.91084
1/31/2025,TLT_F11_ISB,The Lost Tribe - F-11,10,0,10,,81.8,324667.44,Friday,554.04,0,Standalone,1pm–12am,0.19,2916,FALSE,0,586,0,344890.5752,-20223.13519,0.972550327,38205.91084
2/1/2025,TLT_F11_ISB,The Lost Tribe - F-11,13.7,0,12,Platinum Debit 40% Off,93.6,678728.16,Saturday,1283.04,0,Standalone,1pm–12am,0.44,2916,FALSE,0,529,0,725468.5887,-46740.42866,0.972550327,38205.91084
2/2/2025,TLT_F11_ISB,The Lost Tribe - F-11,14.2,0,13,Platinum Debit 40% Off,75.7,998292.6,Sunday,1195.56,0,Standalone,1pm–12am,0.41,2916,FALSE,0,835,0,921195.3543,77097.2457,0.972550327,38205.91084
2/3/2025,TLT_F11_ISB,The Lost Tribe - F-11,13.1,0,13,Platinum Debit 40% Off,95.1,912384,Monday,1188,0,Standalone,1pm–12am,0.44,2700,FALSE,0,768,0,887191.388,25192.61196,0.972550327,38205.91084
2/5/2025,TLT_F11_ISB,The Lost Tribe - F-11,9.3,0,14,Platinum Debit 40% Off,73.4,736155,Wednesday,1107,0,Standalone,1pm–12am,0.41,2700,FALSE,0,665,0,752577.6082,-16422.6082,0.972550327,38205.91084
2/6/2025,TLT_F11_ISB,The Lost Tribe - F-11,19.1,0,12,Platinum Debit 40% Off,87.7,750816,Thursday,1188,0,Standalone,1pm–12am,0.44,2700,FALSE,0,632,0,777511.5642,-26695.56417,0.972550327,38205.91084
2/7/2025,TLT_F11_ISB,The Lost Tribe - F-11,15.5,0,6,Platinum Debit 40% Off,86.8,1005903.36,Friday,1283.04,0,Standalone,1pm–12am,0.44,2916,FALSE,0,784,0,932439.2101,73464.14992,0.972550327,38205.91084
2/9/2025,TLT_F11_ISB,The Lost Tribe - F-11,13.6,0,9,Platinum Debit 40% Off,69.8,860803.2,Sunday,1195.56,1,Standalone,1pm–12am,0.41,2916,TRUE,0,720,0,828988.564,31814.63603,0.972550327,38205.91084
2/10/2025,TLT_F11_ISB,The Lost Tribe - F-11,11.8,0,10,Platinum Debit 40% Off,90,744876,Monday,1188,0,Standalone,1pm–12am,0.44,2700,FALSE,0,627,0,773815.7371,-28939.73707,0.972550327,38205.91084
2/11/2025,TLT_F11_ISB,The Lost Tribe - F-11,12.9,0,14,Platinum Debit 40% Off,76.8,805896,Tuesday,1107,0,Standalone,1pm–12am,0.41,2700,FALSE,0,728,0,803463.985,2432.015003,0.972550327,38205.91084
2/12/2025,TLT_F11_ISB,The Lost Tribe - F-11,10.1,0,11,Platinum Debit 40% Off,89.7,805464,Wednesday,1188,0,Standalone,1pm–12am,0.44,2700,FALSE,0,678,0,814836.435,-9372.435006,0.972550327,38205.91084
2/14/2025,TLT_F11_ISB,The Lost Tribe - F-11,8.5,0,14,Platinum Debit 40% Off,83.2,842957.28,Friday,1283.04,0,Standalone,1pm–12am,0.44,2916,FALSE,0,657,0,828500.2621,14457.01793,0.972550327,38205.91084
2/16/2025,TLT_F11_ISB,The Lost Tribe - F-11,11,0,8,Platinum Debit 40% Off,92.6,739031.04,Sunday,1283.04,0,Standalone,1pm–12am,0.44,2916,FALSE,0,576,0,764108.8972,-25077.85722,0.972550327,38205.91084
2/17/2025,TLT_F11_ISB,The Lost Tribe - F-11,14.7,0,7,Platinum Debit 40% Off,76.8,712908,Monday,1107,0,Standalone,1pm–12am,0.41,2700,FALSE,0,644,0,736811.0315,-23903.03146,0.972550327,38205.91084
2/20/2025,TLT_F11_ISB,The Lost Tribe - F-11,5,0,11,Platinum Debit 40% Off,78.6,912168,Thursday,1107,0,Standalone,1pm–12am,0.41,2700,FALSE,0,824,0,881512.5431,30655.45694,0.972550327,38205.91084
2/21/2025,TLT_F11_ISB,The Lost Tribe - F-11,16.9,0,10,Platinum Debit 40% Off,74.9,967208.04,Friday,1195.56,0,Standalone,1pm–12am,0.41,2916,FALSE,0,809,0,900705.7559,66502.28409,0.972550327,38205.91084
2/22/2025,TLT_F11_ISB,The Lost Tribe - F-11,11,0,14,Platinum Debit 40% Off,63.9,619300.08,Saturday,1195.56,1,Standalone,1pm–12am,0.41,2916,TRUE,0,518,0,664982.7919,-45682.71194,0.972550327,38205.91084
2/23/2025,TLT_F11_ISB,The Lost Tribe - F-11,10.8,0,8,Platinum Debit 40% Off,86.3,891712.8,Sunday,1283.04,0,Standalone,1pm–12am,0.44,2916,FALSE,0,695,0,860215.7427,31497.05729,0.972550327,38205.91084
2/24/2025,TLT_F11_ISB,The Lost Tribe - F-11,17.5,0,11,Platinum Debit 40% Off,79.8,608850,Monday,1107,0,Standalone,1pm–12am,0.41,2700,FALSE,0,550,0,660212.1016,-51362.10165,0.972550327,38205.91084
2/25/2025,TLT_F11_ISB,The Lost Tribe - F-11,18.1,0,15,Platinum Debit 40% Off,96.6,596376,Tuesday,1188,0,Standalone,1pm–12am,0.44,2700,FALSE,0,502,0,672012.2086,-75636.20858,0.972550327,38205.91084
2/26/2025,TLT_F11_ISB,The Lost Tribe - F-11,10.1,0,12,Platinum Debit 40% Off,65.6,679698,Wednesday,1107,1,Standalone,1pm–12am,0.41,2700,TRUE,0,614,0,711719.5439,-32021.54389,0.972550327,38205.91084
2/28/2025,TLT_F11_ISB,The Lost Tribe - F-11,12.4,0,12,Platinum Debit 40% Off,76.2,686251.44,Friday,1195.56,0,Standalone,1pm–12am,0.41,2916,FALSE,0,574,0,710564.1577,-24312.71772,0.972550327,38205.91084
3/1/2025,TLT_F11_ISB,The Lost Tribe - F-11,18.8,0,12,,87,255966.48,Saturday,554.04,0,Standalone,1pm–12am,0.19,2916,FALSE,0,462,0,244403.9768,11562.50323,0.972550327,38205.91084
3/2/2025,TLT_F11_ISB,The Lost Tribe - F-11,19.9,0,5,,100,350707.32,Sunday,554.04,0,Standalone,1pm–12am,0.19,2916,FALSE,0,633,0,383718.9806,-33011.66057,0.972550327,38205.91084
3/3/2025,TLT_F11_ISB,The Lost Tribe - F-11,19.5,0,10,,83.4,279072,Monday,513,0,Standalone,1pm–12am,0.19,2700,FALSE,0,544,0,279828.4063,-756.4063033,0.972550327,38205.91084
3/4/2025,TLT_F11_ISB,The Lost Tribe - F-11,19.7,0,5,,64,289008,Tuesday,432,1,Standalone,1pm–12am,0.16,2700,TRUE,0,669,0,330386.6475,-41378.64752,0.972550327,38205.91084
3/7/2025,TLT_F11_ISB,The Lost Tribe - F-11,19.4,0,15,,88.5,253196.28,Friday,554.04,0,Standalone,1pm–12am,0.19,2916,FALSE,0,457,0,239856.4603,13339.81975,0.972550327,38205.91084
3/8/2025,TLT_F11_ISB,The Lost Tribe - F-11,15,0,6,,95,313586.64,Saturday,554.04,0,Standalone,1pm–12am,0.19,2916,FALSE,0,566,0,329430.2431,-15843.60306,0.972550327,38205.91084
3/9/2025,TLT_F11_ISB,The Lost Tribe - F-11,16.9,0,6,,88.6,279236.16,Sunday,554.04,0,Standalone,1pm–12am,0.19,2916,FALSE,0,504,0,279348.738,-112.5780423,0.972550327,38205.91084
3/10/2025,TLT_F11_ISB,The Lost Tribe - F-11,20.2,0,14,,55.2,249264,Monday,432,1,Standalone,1pm–12am,0.16,2700,TRUE,0,577,0,254541.1083,-5277.108264,0.972550327,38205.91084
3/11/2025,TLT_F11_ISB,The Lost Tribe - F-11,18.5,0,10,,74.2,241920,Tuesday,432,0,Standalone,1pm–12am,0.16,2700,FALSE,0,560,0,241509.1957,410.8043096,0.972550327,38205.91084
3/12/2025,TLT_F11_ISB,The Lost Tribe - F-11,21.5,0,5,,70.2,293328,Wednesday,432,0,Standalone,1pm–12am,0.16,2700,FALSE,0,679,0,338469.1297,-45141.12967,0.972550327,38205.91084
3/13/2025,TLT_F11_ISB,The Lost Tribe - F-11,24.4,0,14,,84,303183,Thursday,513,0,Standalone,1pm–12am,0.19,2700,FALSE,0,591,0,317108.698,-13925.69803,0.972550327,38205.91084
3/15/2025,TLT_F11_ISB,The Lost Tribe - F-11,19.6,0,8,,71.8,250542.72,Saturday,466.56,0,Standalone,1pm–12am,0.16,2916,FALSE,0,537,0,254412.4503,-3869.73028,0.972550327,38205.91084
3/17/2025,TLT_F11_ISB,The Lost Tribe - F-11,13.3,0,13,,85.3,232902,Monday,513,0,Standalone,1pm–12am,0.19,2700,FALSE,0,454,0,206629.3189,26272.68113,0.972550327,38205.91084
3/18/2025,TLT_F11_ISB,The Lost Tribe - F-11,19.4,0,10,,87.4,297027,Tuesday,513,0,Standalone,1pm–12am,0.19,2700,FALSE,0,579,0,308100.5847,-11073.58471,0.972550327,38205.91084
3/19/2025,TLT_F11_ISB,The Lost Tribe - F-11,19.3,0,5,,71,199152,Wednesday,432,0,Standalone,1pm–12am,0.16,2700,FALSE,0,461,0,162397.8312,36754.16879,0.972550327,38205.91084
3/20/2025,TLT_F11_ISB,The Lost Tribe - F-11,16.9,0,15,,87.1,233415,Thursday,513,0,Standalone,1pm–12am,0.19,2700,FALSE,0,455,0,207098.2904,26316.7096,0.972550327,38205.91084
3/21/2025,TLT_F11_ISB,The Lost Tribe - F-11,17.1,0,5,,84.1,309154.32,Friday,554.04,0,Standalone,1pm–12am,0.19,2916,FALSE,0,558,0,323128.9057,-13974.58565,0.972550327,38205.91084
3/22/2025,TLT_F11_ISB,The Lost Tribe - F-11,17,0,15,,81.8,291425.04,Saturday,554.04,0,Standalone,1pm–12am,0.19,2916,FALSE,0,526,0,295579.4362,-4154.39618,0.972550327,38205.91084
3/23/2025,TLT_F11_ISB,The Lost Tribe - F-11,17.8,0,6,,73,296732.16,Sunday,466.56,0,Standalone,1pm–12am,0.16,2916,FALSE,0,636,0,334713.2699,-37981.10986,0.972550327,38205.91084
3/24/2025,TLT_F11_ISB,The Lost Tribe - F-11,13.4,0,11,,93.1,268299,Monday,513,0,Standalone,1pm–12am,0.19,2700,FALSE,0,523,0,262706.1965,5592.803502,0.972550327,38205.91084
3/26/2025,TLT_F11_ISB,The Lost Tribe - F-11,22.6,0,5,,71.4,179712,Wednesday,432,0,Standalone,1pm–12am,0.16,2700,FALSE,0,416,0,126053.0575,53658.94252,0.972550327,38205.91084
3/27/2025,TLT_F11_ISB,The Lost Tribe - F-11,15.2,0,11,,95.8,300618,Thursday,513,0,Standalone,1pm–12am,0.19,2700,FALSE,0,586,0,313591.9204,-12973.92039,0.972550327,38205.91084
3/28/2025,TLT_F11_ISB,The Lost Tribe - F-11,20.9,0,15,,89.8,305830.08,Friday,554.04,0,Standalone,1pm–12am,0.19,2916,FALSE,0,552,0,316586.3161,-10756.23609,0.972550327,38205.91084
3/29/2025,TLT_F11_ISB,The Lost Tribe - F-11,21,0,14,,77.6,191289.6,Saturday,466.56,0,Standalone,1pm–12am,0.16,2916,FALSE,0,410,0,150822.6471,40466.95289,0.972550327,38205.91084
3/30/2025,TLT_F11_ISB,The Lost Tribe - F-11,16.5,0,10,,68.4,326592,Sunday,466.56,1,Standalone,1pm–12am,0.16,2916,TRUE,0,700,0,385719.1002,-59127.10025,0.972550327,38205.91084
1/6/2025,TLT_F11_ISB,The Lost Tribe - F-11,14.7,0,5,,68.8,196992,Monday,432,1,Standalone,1pm–12am,0.16,2700,TRUE,1,456,1,158357.4296,38634.57041,0.972550327,38205.91084
2/27/2025,TLT_F11_ISB,The Lost Tribe - F-11,14.1,0,8,,61.7,557928,Thursday,1107,1,Standalone,1pm–12am,0.41,2700,TRUE,1,504,1,623552.9686,-65624.96864,0.972550327,38205.91084
3/5/2025,GB_F11_ISB,Greenbae - F-11,18,0,6,Platinum Debit 40% Off,81,143336,Wednesday,437,0,Standalone,1pm–12am,0.41,800,FALSE,0,437,0,149285.0458,-5949.04576,0.974543009,6987.186316
3/20/2025,GB_F11_ISB,Greenbae - F-11,20.3,0,10,Platinum Debit 40% Off,90.5,114472,Thursday,349,0,Standalone,1pm–12am,0.41,800,FALSE,0,349,0,132829.5244,-18357.5244,0.974543009,6987.186316
1/3/2025,HCENT_ISB,Howdy - Centaurus Mall,7.5,0,10,Platinum Debit 40% Off,77.6,582660.54,Friday,1211,0,Mall,1pm–12am,0.33,1458,FALSE,0,1211,0,623045.6955,-40385.15555,0.989056693,31388.07512
1/20/2025,HCENT_ISB,Howdy - Centaurus Mall,14.2,0,8,Platinum Debit 40% Off,62.2,671814,Monday,1508,1,Mall,1pm–12am,0.33,1350,TRUE,0,1508,0,693935.698,-22121.69796,0.989056693,31388.07512
2/1/2025,HCENT_ISB,Howdy - Centaurus Mall,21.7,0,7,Platinum Debit 40% Off,86.7,811464.48,Saturday,1546,0,Mall,1pm–12am,0.36,1458,FALSE,0,1546,0,800664.0392,10800.44077,0.989056693,31388.07512
2/2/2025,HCENT_ISB,Howdy - Centaurus Mall,17.6,0,10,Platinum Debit 40% Off,96.7,964204.56,Sunday,1837,0,Mall,1pm–12am,0.36,1458,FALSE,0,1837,0,898537.3518,65667.20823,0.989056693,31388.07512
2/3/2025,HCENT_ISB,Howdy - Centaurus Mall,20.4,0,12,Platinum Debit 40% Off,100,732888,Monday,1508,0,Mall,1pm–12am,0.36,1350,FALSE,0,1508,0,750083.9958,-17195.99576,0.989056693,31388.07512
2/4/2025,HCENT_ISB,Howdy - Centaurus Mall,12.2,0,14,Platinum Debit 40% Off,77.3,747549,Tuesday,1678,0,Mall,1pm–12am,0.33,1350,FALSE,0,1678,0,748024.1345,-475.1344684,0.989056693,31388.07512
2/5/2025,HCENT_ISB,Howdy - Centaurus Mall,16.8,0,14,Platinum Debit 40% Off,78.5,647311.5,Wednesday,1453,0,Mall,1pm–12am,0.33,1350,FALSE,0,1453,0,670396.0396,-23084.53962,0.989056693,31388.07512
2/6/2025,HCENT_ISB,Howdy - Centaurus Mall,16.1,0,14,Platinum Debit 40% Off,97.1,730944,Thursday,1504,0,Mall,1pm–12am,0.36,1350,FALSE,0,1504,0,747749.7623,-16805.76233,0.989056693,31388.07512
2/8/2025,HCENT_ISB,Howdy - Centaurus Mall,16.1,0,14,Platinum Debit 40% Off,82.9,813039.12,Saturday,1549,0,Mall,1pm–12am,0.36,1458,FALSE,0,1549,0,797917.0806,15122.03939,0.989056693,31388.07512
2/9/2025,HCENT_ISB,Howdy - Centaurus Mall,13.5,0,6,Platinum Debit 40% Off,73.2,852580.08,Sunday,1772,0,Mall,1pm–12am,0.33,1458,FALSE,0,1772,0,819004.7789,33575.30106,0.989056693,31388.07512
2/10/2025,HCENT_ISB,Howdy - Centaurus Mall,8.8,0,9,Platinum Debit 40% Off,66.8,641520,Monday,1440,1,Mall,1pm–12am,0.33,1350,TRUE,0,1440,0,669606.3078,-28086.30782,0.989056693,31388.07512
2/11/2025,HCENT_ISB,Howdy - Centaurus Mall,16,0,5,Platinum Debit 40% Off,73.7,777843,Tuesday,1746,0,Mall,1pm–12am,0.33,1350,FALSE,0,1746,0,776904.1575,938.842515,0.989056693,31388.07512
2/12/2025,HCENT_ISB,Howdy - Centaurus Mall,13.6,0,13,Platinum Debit 40% Off,68.9,732402,Wednesday,1644,1,Mall,1pm–12am,0.33,1350,TRUE,0,1644,0,737460.4881,-5058.488084,0.989056693,31388.07512
2/13/2025,HCENT_ISB,Howdy - Centaurus Mall,15.1,0,6,Platinum Debit 40% Off,88.3,926802,Thursday,1907,0,Mall,1pm–12am,0.36,1350,FALSE,0,1907,0,891866.4224,34935.57758,0.989056693,31388.07512
2/14/2025,HCENT_ISB,Howdy - Centaurus Mall,8.5,0,9,Platinum Debit 40% Off,82.5,1007244.72,Friday,1919,0,Mall,1pm–12am,0.36,1458,FALSE,0,1919,0,928351.1794,78893.54056,0.989056693,31388.07512
2/15/2025,HCENT_ISB,Howdy - Centaurus Mall,13.6,0,7,Platinum Debit 40% Off,98.3,975751.92,Saturday,1859,0,Mall,1pm–12am,0.36,1458,FALSE,0,1859,0,907741.9439,68009.9761,0.989056693,31388.07512
2/16/2025,HCENT_ISB,Howdy - Centaurus Mall,14.4,0,12,Platinum Debit 40% Off,88.3,941634.72,Sunday,1794,0,Mall,1pm–12am,0.36,1458,FALSE,0,1794,0,883139.6344,58495.08564,0.989056693,31388.07512
2/18/2025,HCENT_ISB,Howdy - Centaurus Mall,10.5,0,12,Platinum Debit 40% Off,81,859248,Tuesday,1768,0,Mall,1pm–12am,0.36,1350,FALSE,0,1768,0,840997.3391,18250.6609,0.989056693,31388.07512
2/21/2025,HCENT_ISB,Howdy - Centaurus Mall,10.1,0,12,Platinum Debit 40% Off,81.5,790469.28,Friday,1506,0,Mall,1pm–12am,0.36,1458,FALSE,0,1506,0,784348.2289,6121.051124,0.989056693,31388.07512
2/24/2025,HCENT_ISB,Howdy - Centaurus Mall,16.5,0,7,Platinum Debit 40% Off,84.2,767880,Monday,1580,0,Mall,1pm–12am,0.36,1350,FALSE,0,1580,0,778870.9034,-10990.90344,0.989056693,31388.07512
2/25/2025,HCENT_ISB,Howdy - Centaurus Mall,17.3,0,7,Platinum Debit 40% Off,87,914652,Tuesday,1882,0,Mall,1pm–12am,0.36,1350,FALSE,0,1882,0,882762.112,31889.88804,0.989056693,31388.07512
2/26/2025,HCENT_ISB,Howdy - Centaurus Mall,16.4,0,10,Platinum Debit 40% Off,81,756216,Wednesday,1556,0,Mall,1pm–12am,0.36,1350,FALSE,0,1556,0,769086.912,-12870.91201,0.989056693,31388.07512
2/27/2025,HCENT_ISB,Howdy - Centaurus Mall,12.3,0,14,Platinum Debit 40% Off,63.8,650430,Thursday,1460,1,Mall,1pm–12am,0.33,1350,TRUE,0,1460,0,673818.2372,-23388.23723,0.989056693,31388.07512
2/28/2025,HCENT_ISB,Howdy - Centaurus Mall,13.2,0,8,Platinum Debit 40% Off,91.9,776297.52,Friday,1479,0,Mall,1pm–12am,0.36,1458,FALSE,0,1479,0,776638.0857,-340.5656888,0.989056693,31388.07512
3/5/2025,HCENT_ISB,Howdy - Centaurus Mall,12.8,0,15,Platinum Debit 40% Off,93.9,629856,Wednesday,1296,0,Mall,1pm–12am,0.36,1350,FALSE,0,1296,0,675705.472,-45849.47202,0.989056693,31388.07512
3/16/2025,HCENT_ISB,Howdy - Centaurus Mall,17.9,0,7,Platinum Debit 40% Off,80.8,751103.28,Sunday,1431,0,Mall,1pm–12am,0.36,1458,FALSE,0,1431,0,761434.824,-10331.54397,0.989056693,31388.07512
3/21/2025,HCENT_ISB,Howdy - Centaurus Mall,21.7,0,8,Platinum Debit 40% Off,85,784695.6,Friday,1495,0,Mall,1pm–12am,0.36,1458,FALSE,0,1495,0,782626.3693,2069.23068,0.989056693,31388.07512
1/18/2025,HF7_ISB,Howdy F7 Branch,10.1,0,15,Platinum Debit 40% Off,84.1,390018.24,Saturday,734,0,Standalone,1pm–12am,0.41,1296,FALSE,0,734,0,400435.8907,-10417.65066,0.948166616,35491.17525
1/25/2025,HF7_ISB,Howdy F7 Branch,10.9,0,13,Platinum Debit 40% Off,76.5,449141.76,Saturday,912,0,Standalone,1pm–12am,0.38,1296,FALSE,0,912,0,430147.2636,18994.49645,0.948166616,35491.17525
1/31/2025,HF7_ISB,Howdy F7 Branch,11.3,0,8,Combo,70.6,498389.76,Friday,1012,0,Standalone,1pm–12am,0.38,1296,FALSE,0,1012,0,484691.1729,13698.58713,0.948166616,35491.17525
2/1/2025,HF7_ISB,Howdy F7 Branch,13.4,0,5,Combo,85.1,716273.28,Saturday,1348,0,Standalone,1pm–12am,0.41,1296,FALSE,0,1348,0,626573.0347,89700.24529,0.948166616,35491.17525
2/2/2025,HF7_ISB,Howdy F7 Branch,15.1,0,11,Combo,65.6,706708.8,Sunday,1435,1,Standalone,1pm–12am,0.38,1296,TRUE,0,1435,0,631380.3075,75328.49249,0.948166616,35491.17525
2/3/2025,HF7_ISB,Howdy F7 Branch,18.1,0,5,Combo,74.5,353856,Monday,776,0,Standalone,1pm–12am,0.38,1200,FALSE,0,776,0,389304.734,-35448.73398,0.948166616,35491.17525
2/4/2025,HF7_ISB,Howdy F7 Branch,11.5,0,15,Combo,77.8,349752,Tuesday,767,0,Standalone,1pm–12am,0.38,1200,FALSE,0,767,0,386371.5004,-36619.50036,0.948166616,35491.17525
2/5/2025,HF7_ISB,Howdy F7 Branch,15.4,0,13,Combo,81.8,382284,Wednesday,777,0,Standalone,1pm–12am,0.41,1200,FALSE,0,777,0,421625.8081,-39341.80811,0.948166616,35491.17525
2/6/2025,HF7_ISB,Howdy F7 Branch,11.5,0,5,Combo,71.4,449616,Thursday,986,0,Standalone,1pm–12am,0.38,1200,FALSE,0,986,0,462161.2578,-12545.25777,0.948166616,35491.17525
2/7/2025,HF7_ISB,Howdy F7 Branch,12.1,0,12,Combo,77.5,518581.44,Friday,1053,0,Standalone,1pm–12am,0.38,1296,FALSE,0,1053,0,496414.8496,22166.59037,0.948166616,35491.17525
2/8/2025,HF7_ISB,Howdy F7 Branch,10.3,0,5,Combo,91.5,523920.96,Saturday,986,0,Standalone,1pm–12am,0.41,1296,FALSE,0,986,0,500546.0726,23374.88737,0.948166616,35491.17525
2/9/2025,HF7_ISB,Howdy F7 Branch,14.1,0,8,Combo,69,664848,Sunday,1350,1,Standalone,1pm–12am,0.38,1296,TRUE,0,1350,0,600555.6547,64292.34531,0.948166616,35491.17525
2/12/2025,HF7_ISB,Howdy F7 Branch,18.2,0,5,Combo,94.9,432960,Wednesday,880,0,Standalone,1pm–12am,0.41,1200,FALSE,0,880,0,450124.3966,-17164.39659,0.948166616,35491.17525
2/13/2025,HF7_ISB,Howdy F7 Branch,7.7,0,9,Combo,85.9,427548,Thursday,869,0,Standalone,1pm–12am,0.41,1200,FALSE,0,869,0,450690.9135,-23142.91354,0.948166616,35491.17525
2/14/2025,HF7_ISB,Howdy F7 Branch,9,0,8,Combo,71.2,492972.48,Friday,1001,0,Standalone,1pm–12am,0.38,1296,FALSE,0,1001,0,480694.148,12278.33204,0.948166616,35491.17525
2/15/2025,HF7_ISB,Howdy F7 Branch,8.2,0,9,Combo,79.6,528923.52,Saturday,1074,0,Standalone,1pm–12am,0.38,1296,FALSE,0,1074,0,502256.0514,26667.4686,0.948166616,35491.17525
2/17/2025,HF7_ISB,Howdy F7 Branch,13.7,0,15,Combo,98.2,526932,Monday,1071,0,Standalone,1pm–12am,0.41,1200,FALSE,0,1071,0,515359.0347,11572.96528,0.948166616,35491.17525
2/19/2025,HF7_ISB,Howdy F7 Branch,10.3,0,9,Combo,87.2,434928,Wednesday,884,0,Standalone,1pm–12am,0.41,1200,FALSE,0,884,0,455266.6213,-20338.62135,0.948166616,35491.17525
2/20/2025,HF7_ISB,Howdy F7 Branch,13.8,0,12,Combo,82.2,581544,Thursday,1182,0,Standalone,1pm–12am,0.41,1200,FALSE,0,1182,0,559350.8361,22193.16386,0.948166616,35491.17525
2/21/2025,HF7_ISB,Howdy F7 Branch,15.3,0,10,Combo,81.4,496821.6,Friday,935,0,Standalone,1pm–12am,0.41,1296,FALSE,0,935,0,488083.0181,8738.581888,0.948166616,35491.17525
2/22/2025,HF7_ISB,Howdy F7 Branch,17.3,0,7,Combo,86.5,449530.56,Saturday,846,0,Standalone,1pm–12am,0.41,1296,FALSE,0,846,0,455192.9306,-5662.370644,0.948166616,35491.17525
2/23/2025,HF7_ISB,Howdy F7 Branch,11.9,0,13,Combo,64.7,423532.8,Sunday,860,1,Standalone,1pm–12am,0.38,1296,TRUE,0,860,0,436068.7994,-12535.99942,0.948166616,35491.17525
2/25/2025,HF7_ISB,Howdy F7 Branch,14.5,0,10,Combo,77,336072,Tuesday,737,0,Standalone,1pm–12am,0.38,1200,FALSE,0,737,0,375728.1207,-39656.12069,0.948166616,35491.17525
2/26/2025,HF7_ISB,Howdy F7 Branch,14.2,0,9,Combo,84.9,371460,Wednesday,755,0,Standalone,1pm–12am,0.41,1200,FALSE,0,755,0,412248.2132,-40788.21323,0.948166616,35491.17525
2/28/2025,HF7_ISB,Howdy F7 Branch,15.3,0,10,Combo,82.4,467065.44,Friday,879,0,Standalone,1pm–12am,0.41,1296,FALSE,0,879,0,468583.0274,-1517.587427,0.948166616,35491.17525
3/11/2025,HF7_ISB,Howdy F7 Branch,13.7,0,8,Platinum Debit 40% Off,86.7,412296,Tuesday,838,0,Standalone,1pm–12am,0.41,1200,FALSE,0,838,0,420872.8458,-8576.845788,0.948166616,35491.17525
2/1/2025,HGIGA_ISB,Howdy - Giga Mall,7.1,0,7,Platinum Debit 40% Off,61.2,404531.82,Saturday,987,1,Mall,1pm–12am,0.33,1242,TRUE,0,987,0,404531.82,1.80E-09,0.994329118,11390.94839
2/3/2025,HGIGA_ISB,Howdy - Giga Mall,13,0,15,Combo,75.2,416311.5,Monday,1097,0,Mall,1pm–12am,0.33,1150,FALSE,0,1097,0,436466.0076,-20154.50759,0.994329118,11390.94839
2/4/2025,HGIGA_ISB,Howdy - Giga Mall,16.9,0,6,Combo,58.7,490693.5,Tuesday,1293,1,Mall,1pm–12am,0.33,1150,TRUE,0,1293,0,479242.9227,11450.5773,0.994329118,11390.94839
2/6/2025,HGIGA_ISB,Howdy - Giga Mall,18.7,0,9,Combo,73.3,404547,Thursday,1066,0,Mall,1pm–12am,0.33,1150,FALSE,0,1066,0,429590.071,-25043.071,0.994329118,11390.94839
2/7/2025,HGIGA_ISB,Howdy - Giga Mall,8.1,0,6,Combo,70.7,437320.62,Friday,1067,0,Mall,1pm–12am,0.33,1242,FALSE,0,1067,0,439329.6741,-2009.054096,0.994329118,11390.94839
2/8/2025,HGIGA_ISB,Howdy - Giga Mall,6.3,0,14,Combo,59.8,521341.92,Saturday,1272,1,Mall,1pm–12am,0.33,1242,TRUE,0,1272,0,485585.8646,35756.05538,0.994329118,11390.94839
2/11/2025,HGIGA_ISB,Howdy - Giga Mall,13.6,0,8,BOGO,57.6,434148,Tuesday,1144,1,Mall,1pm–12am,0.33,1150,TRUE,0,1144,0,445029.5144,-10881.51441,0.994329118,11390.94839
2/12/2025,HGIGA_ISB,Howdy - Giga Mall,17,0,15,BOGO,94.2,496386,Wednesday,1199,0,Mall,1pm–12am,0.36,1150,FALSE,0,1199,0,484300.7468,12085.25321,0.994329118,11390.94839
2/13/2025,HGIGA_ISB,Howdy - Giga Mall,12.2,0,13,BOGO,84.5,526608,Thursday,1272,0,Mall,1pm–12am,0.36,1150,FALSE,0,1272,0,501555.7689,25052.23112,0.994329118,11390.94839
2/14/2025,HGIGA_ISB,Howdy - Giga Mall,13.1,0,10,BOGO,75.4,402892.38,Friday,983,0,Mall,1pm–12am,0.33,1242,FALSE,0,983,0,416922.2847,-14029.90465,0.994329118,11390.94839
2/15/2025,HGIGA_ISB,Howdy - Giga Mall,12.9,0,7,BOGO,86.2,442648.8,Saturday,990,0,Mall,1pm–12am,0.36,1242,FALSE,0,990,0,452212.9432,-9564.143177,0.994329118,11390.94839
2/16/2025,HGIGA_ISB,Howdy - Giga Mall,11.2,0,15,BOGO,81.1,520894.8,Sunday,1165,0,Mall,1pm–12am,0.36,1242,FALSE,0,1165,0,490677.238,30217.562,0.994329118,11390.94839
2/17/2025,HGIGA_ISB,Howdy - Giga Mall,10.8,0,10,BOGO,87.2,447948,Monday,1082,0,Mall,1pm–12am,0.36,1150,FALSE,0,1082,0,461751.8381,-13803.83805,0.994329118,11390.94839
2/18/2025,HGIGA_ISB,Howdy - Giga Mall,15.6,0,8,BOGO,89.4,423108,Tuesday,1022,0,Mall,1pm–12am,0.36,1150,FALSE,0,1022,0,448575.063,-25467.06297,0.994329118,11390.94839
2/19/2025,HGIGA_ISB,Howdy - Giga Mall,12,0,11,BOGO,92.9,510462,Wednesday,1233,0,Mall,1pm–12am,0.36,1150,FALSE,0,1233,0,490778.8858,19683.11422,0.994329118,11390.94839
2/20/2025,HGIGA_ISB,Howdy - Giga Mall,15.1,0,15,BOGO,88.8,476514,Thursday,1151,0,Mall,1pm–12am,0.36,1150,FALSE,0,1151,0,476203.9969,310.0031013,0.994329118,11390.94839
2/21/2025,HGIGA_ISB,Howdy - Giga Mall,19.2,0,12,BOGO,81.2,430576.56,Friday,963,0,Mall,1pm–12am,0.36,1242,FALSE,0,963,0,449221.2487,-18644.68873,0.994329118,11390.94839
2/22/2025,HGIGA_ISB,Howdy - Giga Mall,11.1,0,6,BOGO,86.8,469028.88,Saturday,1049,0,Mall,1pm–12am,0.36,1242,FALSE,0,1049,0,463766.8845,5261.995534,0.994329118,11390.94839
2/24/2025,HGIGA_ISB,Howdy - Giga Mall,15.6,0,10,BOGO,92.2,440082,Monday,1063,0,Mall,1pm–12am,0.36,1150,FALSE,0,1063,0,456422.0178,-16340.01784,0.994329118,11390.94839
2/27/2025,HGIGA_ISB,Howdy - Giga Mall,17.6,0,5,BOGO,80.7,481896,Thursday,1164,0,Mall,1pm–12am,0.36,1150,FALSE,0,1164,0,479286.6841,2609.315925,0.994329118,11390.94839
2/28/2025,HGIGA_ISB,Howdy - Giga Mall,12.6,0,14,BOGO,71.6,502488.36,Friday,1226,0,Mall,1pm–12am,0.33,1242,FALSE,0,1226,0,467964.6027,34523.75725,0.994329118,11390.94839
1/2/2025,RARE_F6_ISB,Rare - F-6,9.7,0,13,BOGO,76.4,590040,Thursday,745,0,Standalone,4pm–12am,0.36,2200,FALSE,0,745,0,582402.7113,7637.288694,0.98657774,15474.88418
1/3/2025,RARE_F6_ISB,Rare - F-6,9.2,0,15,Combo,95.7,404466.48,Friday,587,0,Standalone,4pm–12am,0.29,2376,FALSE,0,587,0,402877.8748,1588.605187,0.98657774,15474.88418
1/6/2025,RARE_F6_ISB,Rare - F-6,13.1,0,10,Discount,83.7,624197.5,Monday,773,0,Standalone,4pm–12am,0.34,2375,FALSE,0,773,0,611799.7661,12397.7339,0.98657774,15474.88418
1/8/2025,RARE_F6_ISB,Rare - F-6,13.7,0,5,Combo,76.4,447304,Wednesday,782,0,Standalone,4pm–12am,0.26,2200,FALSE,0,782,0,458680.2805,-11376.28051,0.98657774,15474.88418
1/9/2025,RARE_F6_ISB,Rare - F-6,6.5,0,13,Combo,84.6,412786,Thursday,647,0,Standalone,4pm–12am,0.29,2200,FALSE,0,647,0,409007.633,3778.36705,0.98657774,15474.88418
1/10/2025,RARE_F6_ISB,Rare - F-6,10.8,0,11,Combo,88.2,400332.24,Friday,581,0,Standalone,4pm–12am,0.29,2376,FALSE,0,581,0,401175.5874,-843.3474051,0.98657774,15474.88418
1/11/2025,RARE_F6_ISB,Rare - F-6,10.3,0,11,BOGO,88.1,545790.96,Saturday,589,0,Standalone,4pm–12am,0.39,2376,FALSE,0,589,0,559356.8181,-13565.85808,0.98657774,15474.88418
1/13/2025,RARE_F6_ISB,Rare - F-6,16.9,0,11,Discount,92.1,555560,Monday,688,0,Standalone,4pm–12am,0.34,2375,FALSE,0,688,0,551039.7246,4520.275414,0.98657774,15474.88418
1/14/2025,RARE_F6_ISB,Rare - F-6,6.2,0,9,Combo,93.2,350262,Tuesday,549,0,Standalone,4pm–12am,0.29,2200,FALSE,0,549,0,341057.8218,9204.178195,0.98657774,15474.88418
1/15/2025,RARE_F6_ISB,Rare - F-6,9.8,0,5,BOGO,68.9,545688,Wednesday,689,1,Standalone,4pm–12am,0.36,2200,TRUE,0,689,0,547340.1164,-1652.116366,0.98657774,15474.88418
1/17/2025,RARE_F6_ISB,Rare - F-6,9.8,0,5,BOGO,66.9,614148.48,Friday,718,1,Standalone,4pm–12am,0.36,2376,TRUE,0,718,0,605743.4745,8405.005478,0.98657774,15474.88418
1/20/2025,RARE_F6_ISB,Rare - F-6,8,0,11,BOGO,72.9,522720,Monday,660,0,Standalone,4pm–12am,0.36,2200,FALSE,0,660,0,524308.1237,-1588.123695,0.98657774,15474.88418
1/24/2025,RARE_F6_ISB,Rare - F-6,6.8,0,15,Discount,88.4,539829.9,Friday,619,0,Standalone,4pm–12am,0.34,2565,FALSE,0,619,0,542776.9827,-2947.082724,0.98657774,15474.88418
1/25/2025,RARE_F6_ISB,Rare - F-6,13,0,5,BOGO,75.8,462749.76,Saturday,541,0,Standalone,4pm–12am,0.36,2376,FALSE,0,541,0,481112.1917,-18362.43166,0.98657774,15474.88418
1/28/2025,RARE_F6_ISB,Rare - F-6,11.4,0,10,Discount,79.6,401256.25,Tuesday,545,0,Standalone,4pm–12am,0.31,2375,FALSE,0,545,0,404633.1741,-3376.924054,0.98657774,15474.88418
1/29/2025,RARE_F6_ISB,Rare - F-6,7.9,0,6,Combo,69.4,366080,Wednesday,640,1,Standalone,4pm–12am,0.26,2200,TRUE,0,640,0,360120.8098,5959.190238,0.98657774,15474.88418
1/30/2025,RARE_F6_ISB,Rare - F-6,11.3,0,13,Discount,100,446547.5,Thursday,553,0,Standalone,4pm–12am,0.34,2375,FALSE,0,553,0,455077.4012,-8529.901171,0.98657774,15474.88418
2/2/2025,RARE_F6_ISB,Rare - F-6,10,0,11,Combo,82.6,451321.2,Sunday,655,0,Standalone,4pm–12am,0.29,2376,FALSE,0,655,0,453521.6408,-2200.440813,0.98657774,15474.88418
2/3/2025,RARE_F6_ISB,Rare - F-6,14.7,0,13,BOGO,96,493350,Monday,575,0,Standalone,4pm–12am,0.39,2200,FALSE,0,575,0,509902.0486,-16552.04856,0.98657774,15474.88418
2/6/2025,RARE_F6_ISB,Rare - F-6,12,0,9,BOGO,80.5,525096,Thursday,612,0,Standalone,4pm–12am,0.39,2200,FALSE,0,612,0,539224.0259,-14128.02587,0.98657774,15474.88418
2/9/2025,RARE_F6_ISB,Rare - F-6,12.7,0,14,Discount,77,554219.55,Sunday,697,0,Standalone,4pm–12am,0.31,2565,FALSE,0,697,0,550421.644,3797.905998,0.98657774,15474.88418
2/12/2025,RARE_F6_ISB,Rare - F-6,15.7,0,9,Discount,67.4,583110,Wednesday,792,1,Standalone,4pm–12am,0.31,2375,TRUE,0,792,0,578906.7417,4203.258308,0.98657774,15474.88418
2/13/2025,RARE_F6_ISB,Rare - F-6,14.7,0,10,Discount,75.5,553660,Thursday,752,0,Standalone,4pm–12am,0.31,2375,FALSE,0,752,0,549581.6065,4078.393481,0.98657774,15474.88418
2/14/2025,RARE_F6_ISB,Rare - F-6,11.1,0,13,Combo,84.6,527804.64,Friday,766,0,Standalone,4pm–12am,0.29,2376,FALSE,0,766,0,529948.2874,-2143.647378,0.98657774,15474.88418
2/15/2025,RARE_F6_ISB,Rare - F-6,13,0,12,BOGO,71.1,672312.96,Saturday,786,0,Standalone,4pm–12am,0.36,2376,FALSE,0,786,0,649981.7039,22331.2561,0.98657774,15474.88418
2/17/2025,RARE_F6_ISB,Rare - F-6,14.6,0,13,Discount,78.5,410091.25,Monday,557,0,Standalone,4pm–12am,0.31,2375,FALSE,0,557,0,412002.7126,-1911.462586,0.98657774,15474.88418
2/19/2025,RARE_F6_ISB,Rare - F-6,11.5,0,11,Discount,82.3,442510,Wednesday,548,0,Standalone,4pm–12am,0.34,2375,FALSE,0,548,0,454614.9341,-12104.93413,0.98657774,15474.88418
2/20/2025,RARE_F6_ISB,Rare - F-6,16.9,0,14,Discount,65.2,511693.75,Thursday,695,1,Standalone,4pm–12am,0.31,2375,TRUE,0,695,0,509605.1977,2088.552304,0.98657774,15474.88418
2/21/2025,RARE_F6_ISB,Rare - F-6,11.7,0,15,Discount,76.9,507305.7,Friday,638,0,Standalone,4pm–12am,0.31,2565,FALSE,0,638,0,508888.8979,-1583.197916,0.98657774,15474.88418
2/25/2025,RARE_F6_ISB,Rare - F-6,10.2,0,6,Discount,82.6,506302.5,Tuesday,627,0,Standalone,4pm–12am,0.34,2375,FALSE,0,627,0,511600.8553,-5298.355254,0.98657774,15474.88418
2/28/2025,RARE_F6_ISB,Rare - F-6,15.7,0,10,Discount,74.4,632144.25,Friday,795,0,Standalone,4pm–12am,0.31,2565,FALSE,0,795,0,620653.5813,11490.66866,0.98657774,15474.88418
3/1/2025,RARE_F6_ISB,Rare - F-6,16.9,0,7,Discount,76.1,614650.95,Saturday,773,0,Standalone,4pm–12am,0.31,2565,FALSE,0,773,0,606230.2996,8420.650431,0.98657774,15474.88418
3/2/2025,RARE_F6_ISB,Rare - F-6,12.8,0,8,Discount,85,535469.4,Sunday,614,0,Standalone,4pm–12am,0.34,2565,FALSE,0,614,0,542391.5953,-6922.195295,0.98657774,15474.88418
3/4/2025,RARE_F6_ISB,Rare - F-6,17.4,0,15,Combo,80.5,338140,Tuesday,530,0,Standalone,4pm–12am,0.29,2200,FALSE,0,530,0,327138.6163,11001.38375,0.98657774,15474.88418
3/5/2025,RARE_F6_ISB,Rare - F-6,22.3,0,6,Combo,82.9,444048,Wednesday,696,0,Standalone,4pm–12am,0.29,2200,FALSE,0,696,0,446080.6778,-2032.677821,0.98657774,15474.88418
3/8/2025,RARE_F6_ISB,Rare - F-6,13.3,0,6,Discount,78.5,630553.95,Saturday,793,0,Standalone,4pm–12am,0.31,2565,FALSE,0,793,0,620258.5627,10295.38732,0.98657774,15474.88418
3/9/2025,RARE_F6_ISB,Rare - F-6,16.2,0,13,Discount,83.9,629656.2,Sunday,722,0,Standalone,4pm–12am,0.34,2565,FALSE,0,722,0,615978.0492,13678.15078,0.98657774,15474.88418
3/10/2025,RARE_F6_ISB,Rare - F-6,22,0,8,Discount,80.8,440087.5,Monday,545,0,Standalone,4pm–12am,0.34,2375,FALSE,0,545,0,453857.2198,-13769.71981,0.98657774,15474.88418
3/12/2025,RARE_F6_ISB,Rare - F-6,20.7,0,9,Discount,87.4,532142.5,Wednesday,659,0,Standalone,4pm–12am,0.34,2375,FALSE,0,659,0,532169.8547,-27.35469255,0.98657774,15474.88418
3/14/2025,RARE_F6_ISB,Rare - F-6,19.4,0,15,Combo,68.9,473204.16,Friday,766,1,Standalone,4pm–12am,0.26,2376,TRUE,0,766,0,482578.66,-9374.500026,0.98657774,15474.88418
3/17/2025,RARE_F6_ISB,Rare - F-6,14.2,0,5,Combo,85.5,385352,Monday,604,0,Standalone,4pm–12am,0.29,2200,FALSE,0,604,0,381940.8655,3411.13447,0.98657774,15474.88418
3/18/2025,RARE_F6_ISB,Rare - F-6,13.2,0,11,BOGO,93.3,545688,Tuesday,636,0,Standalone,4pm–12am,0.39,2200,FALSE,0,636,0,553569.4749,-7881.474937,0.98657774,15474.88418
3/19/2025,RARE_F6_ISB,Rare - F-6,15.4,0,11,Discount,84,515992.5,Wednesday,639,0,Standalone,4pm–12am,0.34,2375,FALSE,0,639,0,517888.2985,-1895.798542,0.98657774,15474.88418
3/21/2025,RARE_F6_ISB,Rare - F-6,17.8,0,9,Combo,81.4,520225.2,Friday,755,0,Standalone,4pm–12am,0.29,2376,FALSE,0,755,0,524207.5647,-3982.364655,0.98657774,15474.88418
3/22/2025,RARE_F6_ISB,Rare - F-6,19.5,0,15,BOGO,83,725559.12,Saturday,783,0,Standalone,4pm–12am,0.39,2376,FALSE,0,783,0,693838.2943,31720.82568,0.98657774,15474.88418
3/23/2025,RARE_F6_ISB,Rare - F-6,14,0,6,Discount,73.7,632144.25,Sunday,795,0,Standalone,4pm–12am,0.31,2565,FALSE,0,795,0,622267.8409,9876.40915,0.98657774,15474.88418
3/24/2025,RARE_F6_ISB,Rare - F-6,14.4,0,7,BOGO,97.1,507936,Monday,592,0,Standalone,4pm–12am,0.39,2200,FALSE,0,592,0,523909.3871,-15973.3871,0.98657774,15474.88418
3/28/2025,RARE_F6_ISB,Rare - F-6,15.9,0,6,BOGO,77.2,455051.52,Friday,532,0,Standalone,4pm–12am,0.36,2376,FALSE,0,532,0,474272.6526,-19221.13259,0.98657774,15474.88418
3/29/2025,RARE_F6_ISB,Rare - F-6,18.9,0,9,Combo,80.7,399643.2,Saturday,580,0,Standalone,4pm–12am,0.29,2376,FALSE,0,580,0,402199.4364,-2556.236403,0.98657774,15474.88418
3/31/2025,RARE_F6_ISB,Rare - F-6,16.9,0,5,Discount,74.7,459420,Monday,624,0,Standalone,4pm–12am,0.31,2375,FALSE,0,624,0,462284.128,-2864.127989,0.98657774,15474.88418
1/22/2025,GB_F11_ISB,Greenbae - F-11,14.9,0,12,,64.8,38168,Wednesday,408,1,Standalone,1pm–12am,0.13,800,TRUE,1,367,1,33219.86023,4948.139767,0.974543009,6987.186316
2/4/2025,GB_F11_ISB,Greenbae - F-11,12.2,0,8,,68.1,144096,Tuesday,527,1,Standalone,1pm–12am,0.38,800,TRUE,1,474,1,146191.8507,-2095.850678,0.974543009,6987.186316
3/13/2025,GB_F11_ISB,Greenbae - F-11,17.8,0,13,,69,30784,Thursday,329,1,Standalone,1pm–12am,0.13,800,TRUE,1,296,1,19021.1048,11762.8952,0.974543009,6987.186316
3/15/2025,HCENT_ISB,Howdy - Centaurus Mall,21.3,0,13,,68.5,131569.92,Saturday,1254,1,Mall,1pm–12am,0.08,1458,TRUE,1,1128,1,84547.41636,47022.50364,0.989056693,31388.07512
1/6/2025,HF7_ISB,Howdy F7 Branch,7.1,0,11,,69.3,257640,Monday,628,1,Standalone,1pm–12am,0.38,1200,TRUE,1,565,1,320433.4654,-62793.46538,0.948166616,35491.17525
1/16/2025,HF7_ISB,Howdy F7 Branch,10.7,0,9,,67.2,95940,Thursday,684,1,Standalone,1pm–12am,0.13,1200,TRUE,1,615,1,56399.13814,39540.86186,0.948166616,35491.17525
2/11/2025,HF7_ISB,Howdy F7 Branch,9.1,0,6,,57.8,409944,Tuesday,999,1,Standalone,1pm–12am,0.38,1200,TRUE,1,899,1,438274.5689,-28330.56887,0.948166616,35491.17525
2/2/2025,HGIGA_ISB,Howdy - Giga Mall,12.8,0,13,,65.6,394285.32,Sunday,1069,1,Mall,1pm–12am,0.33,1242,TRUE,1,962,1,416181.2151,-21895.89514,0.994329118,11390.94839
2/9/2025,HGIGA_ISB,Howdy - Giga Mall,10.3,0,6,,65.9,443878.38,Sunday,1204,1,Mall,1pm–12am,0.33,1242,TRUE,1,1083,1,439185.0675,4693.312487,0.994329118,11390.94839
1/5/2025,RARE_F6_ISB,Rare - F-6,6,0,12,,68.2,235440,Sunday,606,1,Standalone,4pm–12am,0.16,2700,TRUE,1,545,1,227902.3884,7537.611551,0.98657774,15474.88418
1/9/2025,HCENT_ISB,Howdy - Centaurus Mall,8.6,0,7,,69.3,152388,Thursday,1411,1,Mall,1pm–12am,0.08,1350,TRUE,0,1411,0,151809.3208,578.6791969,0.989056693,31388.07512
1/28/2025,HCENT_ISB,Howdy - Centaurus Mall,10.2,0,13,,69.5,158436,Tuesday,1467,1,Mall,1pm–12am,0.08,1350,TRUE,0,1467,0,167631.3521,-9195.352081,0.989056693,31388.07512
3/7/2025,HCENT_ISB,Howdy - Centaurus Mall,16.8,0,6,,62.8,161546.4,Friday,1385,1,Mall,1pm–12am,0.08,1458,TRUE,0,1385,0,177555.2134,-16008.81337,0.989056693,31388.07512
3/12/2025,HCENT_ISB,Howdy - Centaurus Mall,12.5,0,10,,66.3,159192,Wednesday,1474,1,Mall,1pm–12am,0.08,1350,TRUE,0,1474,0,171995.9194,-12803.91938,0.989056693,31388.07512
3/14/2025,HCENT_ISB,Howdy - Centaurus Mall,17.8,0,5,,66.5,145800,Friday,1250,1,Mall,1pm–12am,0.08,1458,TRUE,0,1250,0,131351.0907,14448.90934,0.989056693,31388.07512
3/17/2025,HCENT_ISB,Howdy - Centaurus Mall,17.7,0,13,,60.4,136188,Monday,1261,1,Mall,1pm–12am,0.08,1350,TRUE,0,1261,0,97259.01126,38928.98874,0.989056693,31388.07512
1/22/2025,HF7_ISB,Howdy F7 Branch,12.9,0,6,,52.9,112320,Wednesday,720,1,Standalone,1pm–12am,0.13,1200,TRUE,0,720,0,97643.82619,14676.17381,0.948166616,35491.17525
3/1/2025,HF7_ISB,Howdy F7 Branch,16.2,0,8,,57.6,141017.76,Saturday,837,1,Standalone,1pm–12am,0.13,1296,TRUE,0,837,0,148768.979,-7751.219037,0.948166616,35491.17525
3/6/2025,HF7_ISB,Howdy F7 Branch,19,0,8,,60.8,123240,Thursday,790,1,Standalone,1pm–12am,0.13,1200,TRUE,0,790,0,118539.4225,4700.577514,0.948166616,35491.17525
3/10/2025,HF7_ISB,Howdy F7 Branch,14.6,0,13,,60.6,139620,Monday,895,1,Standalone,1pm–12am,0.13,1200,TRUE,0,895,0,155158.7407,-15538.74066,0.948166616,35491.17525
1/4/2025,HGIGA_ISB,Howdy - Giga Mall,10.6,0,13,,54.2,108103.68,Saturday,1088,1,Mall,1pm–12am,0.08,1242,TRUE,0,1088,0,131067.8864,-22964.20638,0.994329118,11390.94839
1/17/2025,HGIGA_ISB,Howdy - Giga Mall,7.9,0,13,,66.7,90417.6,Friday,910,1,Mall,1pm–12am,0.08,1242,TRUE,0,910,0,91359.64173,-942.0417268,0.994329118,11390.94839
1/29/2025,HGIGA_ISB,Howdy - Giga Mall,14.3,0,11,,67.2,89148,Wednesday,969,1,Mall,1pm–12am,0.08,1150,TRUE,0,969,0,93397.16467,-4249.164666,0.994329118,11390.94839
3/27/2025,HGIGA_ISB,Howdy - Giga Mall,19.2,0,10,,64.8,77096,Thursday,838,1,Mall,1pm–12am,0.08,1150,TRUE,0,838,0,67431.17435,9664.825648,0.994329118,11390.94839
3/30/2025,HGIGA_ISB,Howdy - Giga Mall,21.2,0,13,,69,87536.16,Sunday,881,1,Mall,1pm–12am,0.08,1242,TRUE,0,881,0,84811.88119,2724.278812,0.994329118,11390.94839
1/4/2025,RARE_F6_ISB,Rare - F-6,12.9,0,15,,62.2,292464,Saturday,677,1,Standalone,4pm–12am,0.16,2700,TRUE,0,677,0,319622.6967,-27158.69667,0.98657774,15474.88418
1/31/2025,RARE_F6_ISB,Rare - F-6,11.2,0,9,,63.8,256176,Friday,593,1,Standalone,4pm–12am,0.16,2700,TRUE,0,593,0,263098.3021,-6922.30208,0.98657774,15474.88418
2/4/2025,RARE_F6_ISB,Rare - F-6,15.1,0,9,,69,232000,Tuesday,580,1,Standalone,4pm–12am,0.16,2500,TRUE,0,580,0,210278.7817,21721.2183,0.98657774,15474.88418
2/22/2025,RARE_F6_ISB,Rare - F-6,10.6,0,14,,65.5,226368,Saturday,524,1,Standalone,4pm–12am,0.16,2700,TRUE,0,524,0,212833.6078,13534.39222,0.98657774,15474.88418
3/20/2025,RARE_F6_ISB,Rare - F-6,23,0,9,,69.2,200400,Thursday,501,1,Standalone,4pm–12am,0.16,2500,TRUE,0,501,0,155134.8349,45265.16506,0.98657774,15474.88418
1/1/2025,RARE_F6_ISB,Rare - F-6,3.7,0,13,,90.8,281200,Wednesday,592,0,Standalone,4pm–12am,0.19,2500,FALSE,0,592,0,262953.581,18246.41897,0.98657774,15474.88418
1/21/2025,RARE_F6_ISB,Rare - F-6,11.7,0,7,,70.4,313200,Tuesday,783,0,Standalone,4pm–12am,0.16,2500,FALSE,0,783,0,352495.3785,-39295.37854,0.98657774,15474.88418
1/23/2025,RARE_F6_ISB,Rare - F-6,7.4,0,10,,75.8,252000,Thursday,630,0,Standalone,4pm–12am,0.16,2500,FALSE,0,630,0,243912.9828,8087.017154,0.98657774,15474.88418
1/26/2025,RARE_F6_ISB,Rare - F-6,14.6,0,7,,80.5,266247,Sunday,519,0,Standalone,4pm–12am,0.19,2700,FALSE,0,519,0,258710.1743,7536.825724,0.98657774,15474.88418
1/27/2025,RARE_F6_ISB,Rare - F-6,6.3,0,12,,72.8,297600,Monday,744,0,Standalone,4pm–12am,0.16,2500,FALSE,0,744,0,323072.1866,-25472.18664,0.98657774,15474.88418
2/1/2025,RARE_F6_ISB,Rare - F-6,15.4,0,10,,83.8,294462,Saturday,574,0,Standalone,4pm–12am,0.19,2700,FALSE,0,574,0,295518.1301,-1056.130065,0.98657774,15474.88418
2/5/2025,RARE_F6_ISB,Rare - F-6,15.8,0,10,,91.9,274550,Wednesday,578,0,Standalone,4pm–12am,0.19,2500,FALSE,0,578,0,254188.6408,20361.35924,0.98657774,15474.88418
2/8/2025,RARE_F6_ISB,Rare - F-6,13.1,0,9,,75.6,315792,Saturday,731,0,Standalone,4pm–12am,0.16,2700,FALSE,0,731,0,357871.909,-42079.90896,0.98657774,15474.88418
2/10/2025,RARE_F6_ISB,Rare - F-6,17.3,0,5,,74.9,202800,Monday,507,0,Standalone,4pm–12am,0.16,2500,FALSE,0,507,0,160116.7977,42683.20225,0.98657774,15474.88418
2/18/2025,RARE_F6_ISB,Rare - F-6,17.1,0,8,,73.2,273200,Tuesday,683,0,Standalone,4pm–12am,0.16,2500,FALSE,0,683,0,281986.0132,-8786.013187,0.98657774,15474.88418
2/27/2025,RARE_F6_ISB,Rare - F-6,11.3,0,9,,98,300200,Thursday,632,0,Standalone,4pm–12am,0.19,2500,FALSE,0,632,0,291465.537,8734.463041,0.98657774,15474.88418
3/3/2025,RARE_F6_ISB,Rare - F-6,20,0,7,,86.5,263150,Monday,554,0,Standalone,4pm–12am,0.19,2500,FALSE,0,554,0,239277.9828,23872.01718,0.98657774,15474.88418
3/6/2025,RARE_F6_ISB,Rare - F-6,10.4,0,8,,80.1,277400,Thursday,584,0,Standalone,4pm–12am,0.19,2500,FALSE,0,584,0,260646.3268,16753.67319,0.98657774,15474.88418
3/11/2025,RARE_F6_ISB,Rare - F-6,18.9,0,7,,83.9,286900,Tuesday,604,0,Standalone,4pm–12am,0.19,2500,FALSE,0,604,0,274495.5426,12404.45738,0.98657774,15474.88418
3/13/2025,RARE_F6_ISB,Rare - F-6,21.4,0,13,,93.3,356725,Thursday,751,0,Standalone,4pm–12am,0.19,2500,FALSE,0,751,0,373568.2917,-16843.29173,0.98657774,15474.88418
3/15/2025,RARE_F6_ISB,Rare - F-6,16.2,0,8,,75.8,248832,Saturday,576,0,Standalone,4pm–12am,0.16,2700,FALSE,0,576,0,250083.8802,-1251.880199,0.98657774,15474.88418
3/16/2025,RARE_F6_ISB,Rare - F-6,20.3,0,11,,88.2,340119,Sunday,663,0,Standalone,4pm–12am,0.19,2700,FALSE,0,663,0,356669.6033,-16550.60328,0.98657774,15474.88418
3/25/2025,RARE_F6_ISB,Rare - F-6,15.1,0,9,,89.6,278825,Tuesday,587,0,Standalone,4pm–12am,0.19,2500,FALSE,0,587,0,261143.2817,17681.71834,0.98657774,15474.88418
1/1/2025,HF7_ISB,Howdy F7 Branch,8.2,0,12,,85.3,167424,Wednesday,872,0,Standalone,1pm–12am,0.16,1200,FALSE,0,872,0,170766.2447,-3342.244714,0.948166616,35491.17525
1/2/2025,HF7_ISB,Howdy F7 Branch,11.6,0,15,,86.5,186048,Thursday,969,0,Standalone,1pm–12am,0.16,1200,FALSE,0,969,0,203781.2315,-17733.23151,0.948166616,35491.17525
1/3/2025,HF7_ISB,Howdy F7 Branch,19.1,0,6,,81.8,229340.16,Friday,1106,0,Standalone,1pm–12am,0.16,1296,FALSE,0,1106,0,263958.3515,-34618.19152,0.948166616,35491.17525
1/4/2025,HF7_ISB,Howdy F7 Branch,9.3,0,9,,88.3,210677.76,Saturday,1016,0,Standalone,1pm–12am,0.16,1296,FALSE,0,1016,0,231047.5493,-20369.78928,0.948166616,35491.17525
1/7/2025,HF7_ISB,Howdy F7 Branch,7.6,0,5,,79.2,124176,Tuesday,796,0,Standalone,1pm–12am,0.13,1200,FALSE,0,796,0,112536.3524,11639.6476,0.948166616,35491.17525
1/11/2025,HF7_ISB,Howdy F7 Branch,9.4,0,13,,76.9,185833.44,Saturday,1103,0,Standalone,1pm–12am,0.13,1296,FALSE,0,1103,0,232210.1954,-46376.75539,0.948166616,35491.17525
1/12/2025,HF7_ISB,Howdy F7 Branch,11.5,0,15,,87.3,155520,Sunday,750,0,Standalone,1pm–12am,0.16,1296,FALSE,0,750,0,141695.5723,13824.42775,0.948166616,35491.17525
1/13/2025,HF7_ISB,Howdy F7 Branch,9.4,0,15,,73.8,93600,Monday,600,0,Standalone,1pm–12am,0.13,1200,FALSE,0,600,0,49459.14205,44140.85795,0.948166616,35491.17525
1/14/2025,HF7_ISB,Howdy F7 Branch,6.1,0,7,,77,107640,Tuesday,690,0,Standalone,1pm–12am,0.13,1200,FALSE,0,690,0,77615.38615,30024.61385,0.948166616,35491.17525
1/17/2025,HF7_ISB,Howdy F7 Branch,13.2,0,5,,81.9,247795.2,Friday,1195,0,Standalone,1pm–12am,0.16,1296,FALSE,0,1195,0,294102.0382,-46306.83815,0.948166616,35491.17525
1/19/2025,HF7_ISB,Howdy F7 Branch,5.4,0,11,,75.7,193415.04,Sunday,1148,0,Standalone,1pm–12am,0.13,1296,FALSE,0,1148,0,247744.1152,-54329.07518,0.948166616,35491.17525
1/20/2025,HF7_ISB,Howdy F7 Branch,9.7,0,5,,88.5,191616,Monday,998,0,Standalone,1pm–12am,0.16,1200,FALSE,0,998,0,211342.4234,-19726.42337,0.948166616,35491.17525
1/21/2025,HF7_ISB,Howdy F7 Branch,12.9,0,11,,82.1,167232,Tuesday,871,0,Standalone,1pm–12am,0.16,1200,FALSE,0,871,0,171597.2448,-4365.24482,0.948166616,35491.17525
1/24/2025,HF7_ISB,Howdy F7 Branch,12,0,14,,74.2,165110.4,Friday,980,0,Standalone,1pm–12am,0.13,1296,FALSE,0,980,0,191551.7357,-26441.3357,0.948166616,35491.17525
1/26/2025,HF7_ISB,Howdy F7 Branch,11.1,0,14,,89.1,228303.36,Sunday,1101,0,Standalone,1pm–12am,0.16,1296,FALSE,0,1101,0,260437.0937,-32133.73368,0.948166616,35491.17525
1/27/2025,HF7_ISB,Howdy F7 Branch,12.2,0,13,,86.7,129216,Monday,673,0,Standalone,1pm–12am,0.16,1200,FALSE,0,673,0,102510.7487,26705.25128,0.948166616,35491.17525
1/28/2025,HF7_ISB,Howdy F7 Branch,7.2,0,15,,83.1,174336,Tuesday,908,0,Standalone,1pm–12am,0.16,1200,FALSE,0,908,0,184394.185,-10058.18505,0.948166616,35491.17525
1/29/2025,HF7_ISB,Howdy F7 Branch,12,0,12,,79.2,100308,Wednesday,643,0,Standalone,1pm–12am,0.13,1200,FALSE,0,643,0,61435.95396,38872.04604,0.948166616,35491.17525
1/30/2025,HF7_ISB,Howdy F7 Branch,13.9,0,6,,78.7,141492,Thursday,907,0,Standalone,1pm–12am,0.13,1200,FALSE,0,907,0,150725.7322,-9233.732162,0.948166616,35491.17525
3/2/2025,HF7_ISB,Howdy F7 Branch,24.8,0,10,,86.2,168791.04,Sunday,814,0,Standalone,1pm–12am,0.16,1296,FALSE,0,814,0,163214.9883,5576.051713,0.948166616,35491.17525
3/3/2025,HF7_ISB,Howdy F7 Branch,15.4,0,9,,83.5,139392,Monday,726,0,Standalone,1pm–12am,0.16,1200,FALSE,0,726,0,121297.9213,18094.07871,0.948166616,35491.17525
3/4/2025,HF7_ISB,Howdy F7 Branch,19.3,0,11,,79.1,105612,Tuesday,677,0,Standalone,1pm–12am,0.13,1200,FALSE,0,677,0,72916.07319,32695.92681,0.948166616,35491.17525
3/5/2025,HF7_ISB,Howdy F7 Branch,19.2,0,15,,77.6,112320,Wednesday,720,0,Standalone,1pm–12am,0.13,1200,FALSE,0,720,0,88790.51605,23529.48395,0.948166616,35491.17525
3/7/2025,HF7_ISB,Howdy F7 Branch,16.2,0,7,,74.2,142702.56,Friday,847,0,Standalone,1pm–12am,0.13,1296,FALSE,0,847,0,145172.0775,-2469.517532,0.948166616,35491.17525
3/9/2025,HF7_ISB,Howdy F7 Branch,10.2,0,11,,91.2,186209.28,Sunday,898,0,Standalone,1pm–12am,0.16,1296,FALSE,0,898,0,189930.2791,-3720.999091,0.948166616,35491.17525
3/12/2025,HF7_ISB,Howdy F7 Branch,16.1,0,6,,77.8,128076,Wednesday,821,0,Standalone,1pm–12am,0.13,1200,FALSE,0,821,0,121785.2352,6290.764758,0.948166616,35491.17525
3/13/2025,HF7_ISB,Howdy F7 Branch,16,0,7,,86.5,158208,Thursday,824,0,Standalone,1pm–12am,0.16,1200,FALSE,0,824,0,153161.7834,5046.2166,0.948166616,35491.17525
3/14/2025,HF7_ISB,Howdy F7 Branch,16.9,0,13,,78.3,188360.64,Friday,1118,0,Standalone,1pm–12am,0.13,1296,FALSE,0,1118,0,236744.6045,-48383.96454,0.948166616,35491.17525
3/15/2025,HF7_ISB,Howdy F7 Branch,21.4,0,5,,83.1,149713.92,Saturday,722,0,Standalone,1pm–12am,0.16,1296,FALSE,0,722,0,132389.4375,17324.48246,0.948166616,35491.17525
3/16/2025,HF7_ISB,Howdy F7 Branch,12.9,0,6,,88.6,224156.16,Sunday,1081,0,Standalone,1pm–12am,0.16,1296,FALSE,0,1081,0,252629.0587,-28472.89871,0.948166616,35491.17525
3/17/2025,HF7_ISB,Howdy F7 Branch,17.1,0,7,,92.1,155136,Monday,808,0,Standalone,1pm–12am,0.16,1200,FALSE,0,808,0,145395.6287,9740.371266,0.948166616,35491.17525
3/18/2025,HF7_ISB,Howdy F7 Branch,14.2,0,13,,94.4,118848,Tuesday,619,0,Standalone,1pm–12am,0.16,1200,FALSE,0,619,0,80925.42658,37922.57342,0.948166616,35491.17525
3/19/2025,HF7_ISB,Howdy F7 Branch,19.2,0,7,,81,117504,Wednesday,612,0,Standalone,1pm–12am,0.16,1200,FALSE,0,612,0,83175.2656,34328.7344,0.948166616,35491.17525
3/20/2025,HF7_ISB,Howdy F7 Branch,17,0,14,,91.8,171456,Thursday,893,0,Standalone,1pm–12am,0.16,1200,FALSE,0,893,0,175538.8937,-4082.893662,0.948166616,35491.17525
3/21/2025,HF7_ISB,Howdy F7 Branch,21.5,0,9,,71.2,174039.84,Friday,1033,0,Standalone,1pm–12am,0.13,1296,FALSE,0,1033,0,210106.5933,-36066.75332,0.948166616,35491.17525
3/22/2025,HF7_ISB,Howdy F7 Branch,16.2,0,14,,84.3,171694.08,Saturday,828,0,Standalone,1pm–12am,0.16,1296,FALSE,0,828,0,169370.2844,2323.795618,0.948166616,35491.17525
3/23/2025,HF7_ISB,Howdy F7 Branch,22.8,0,5,,79.8,127202.4,Sunday,755,0,Standalone,1pm–12am,0.13,1296,FALSE,0,755,0,111202.6963,15999.70367,0.948166616,35491.17525
3/24/2025,HF7_ISB,Howdy F7 Branch,16.5,0,10,,95.3,164928,Monday,859,0,Standalone,1pm–12am,0.16,1200,FALSE,0,859,0,161906.0318,3021.96816,0.948166616,35491.17525
3/25/2025,HF7_ISB,Howdy F7 Branch,16.6,0,5,,73,109044,Tuesday,699,0,Standalone,1pm–12am,0.13,1200,FALSE,0,699,0,82035.45148,27008.54852,0.948166616,35491.17525
3/27/2025,HF7_ISB,Howdy F7 Branch,18.4,0,14,,75.9,104208,Thursday,668,0,Standalone,1pm–12am,0.13,1200,FALSE,0,668,0,71619.22897,32588.77103,0.948166616,35491.17525
3/28/2025,HF7_ISB,Howdy F7 Branch,12.9,0,10,,80.1,248002.56,Friday,1196,0,Standalone,1pm–12am,0.16,1296,FALSE,0,1196,0,295934.8416,-47932.28156,0.948166616,35491.17525
3/29/2025,HF7_ISB,Howdy F7 Branch,17.3,0,6,,82.7,187038.72,Saturday,902,0,Standalone,1pm–12am,0.16,1296,FALSE,0,902,0,194055.4344,-7016.714393,0.948166616,35491.17525
3/31/2025,HF7_ISB,Howdy F7 Branch,15.6,0,11,,94.7,156288,Monday,814,0,Standalone,1pm–12am,0.16,1200,FALSE,0,814,0,146965.7703,9322.229713,0.948166616,35491.17525
1/2/2025,HCENT_ISB,Howdy - Centaurus Mall,7.3,0,9,,70.2,162432,Thursday,1504,0,Mall,1pm–12am,0.08,1350,FALSE,0,1504,0,182644.8867,-20212.88672,0.989056693,31388.07512
1/5/2025,HCENT_ISB,Howdy - Centaurus Mall,12,0,10,,98.8,232711.38,Sunday,1451,0,Mall,1pm–12am,0.11,1458,FALSE,0,1451,0,256573.8745,-23862.49448,0.989056693,31388.07512
1/6/2025,HCENT_ISB,Howdy - Centaurus Mall,7,0,6,,84,199881,Monday,1346,0,Mall,1pm–12am,0.11,1350,FALSE,0,1346,0,190029.2261,9851.773943,0.989056693,31388.07512
1/8/2025,HCENT_ISB,Howdy - Centaurus Mall,12.8,0,14,,75.3,139428,Wednesday,1291,0,Mall,1pm–12am,0.08,1350,FALSE,0,1291,0,105997.6171,33430.38286,0.989056693,31388.07512
1/10/2025,HCENT_ISB,Howdy - Centaurus Mall,11.4,0,15,,85.4,210578.94,Friday,1313,0,Mall,1pm–12am,0.11,1458,FALSE,0,1313,0,207045.8302,3533.109827,0.989056693,31388.07512
1/11/2025,HCENT_ISB,Howdy - Centaurus Mall,13.4,0,10,,83.6,247466.34,Saturday,1543,0,Mall,1pm–12am,0.11,1458,FALSE,0,1543,0,289325.4465,-41859.10655,0.989056693,31388.07512
1/12/2025,HCENT_ISB,Howdy - Centaurus Mall,10.5,0,7,,80.8,253240.02,Sunday,1579,0,Mall,1pm–12am,0.11,1458,FALSE,0,1579,0,303657.3156,-50417.29561,0.989056693,31388.07512
1/13/2025,HCENT_ISB,Howdy - Centaurus Mall,10.1,0,14,,79.2,135756,Monday,1257,0,Mall,1pm–12am,0.08,1350,FALSE,0,1257,0,94011.73386,41744.26614,0.989056693,31388.07512
1/14/2025,HCENT_ISB,Howdy - Centaurus Mall,8.8,0,8,,79.4,146880,Tuesday,1360,0,Mall,1pm–12am,0.08,1350,FALSE,0,1360,0,132961.1711,13918.82894,0.989056693,31388.07512
1/15/2025,HCENT_ISB,Howdy - Centaurus Mall,10.1,0,7,,84.6,214434,Wednesday,1444,0,Mall,1pm–12am,0.11,1350,FALSE,0,1444,0,223186.0493,-8752.049275,0.989056693,31388.07512
1/17/2025,HCENT_ISB,Howdy - Centaurus Mall,19,0,15,,81.4,195342.84,Friday,1218,0,Mall,1pm–12am,0.11,1458,FALSE,0,1218,0,174579.0627,20763.77735,0.989056693,31388.07512
1/18/2025,HCENT_ISB,Howdy - Centaurus Mall,14.7,0,15,,100,226296.18,Saturday,1411,0,Mall,1pm–12am,0.11,1458,FALSE,0,1411,0,239818.4818,-13522.30184,0.989056693,31388.07512
1/19/2025,HCENT_ISB,Howdy - Centaurus Mall,16.8,0,14,,100,200314.62,Sunday,1249,0,Mall,1pm–12am,0.11,1458,FALSE,0,1249,0,184563.0119,15751.60814,0.989056693,31388.07512
1/21/2025,HCENT_ISB,Howdy - Centaurus Mall,6.5,0,14,,79.9,170748,Tuesday,1581,0,Mall,1pm–12am,0.08,1350,FALSE,0,1581,0,205629.4239,-34881.42391,0.989056693,31388.07512
1/23/2025,HCENT_ISB,Howdy - Centaurus Mall,12.6,0,6,,80.6,234778.5,Thursday,1581,0,Mall,1pm–12am,0.11,1350,FALSE,0,1581,0,271254.9017,-36476.40168,0.989056693,31388.07512
1/24/2025,HCENT_ISB,Howdy - Centaurus Mall,10.8,0,6,,80.7,232230.24,Friday,1448,0,Mall,1pm–12am,0.11,1458,FALSE,0,1448,0,259092.7846,-26862.54463,0.989056693,31388.07512
1/25/2025,HCENT_ISB,Howdy - Centaurus Mall,7.1,0,12,,76.6,182308.32,Saturday,1563,0,Mall,1pm–12am,0.08,1458,FALSE,0,1563,0,234490.1195,-52181.79952,0.989056693,31388.07512
1/26/2025,HCENT_ISB,Howdy - Centaurus Mall,8,0,10,,80.4,195022.08,Sunday,1216,0,Mall,1pm–12am,0.11,1458,FALSE,0,1216,0,176845.526,18176.55398,0.989056693,31388.07512
1/29/2025,HCENT_ISB,Howdy - Centaurus Mall,12,0,9,,86.4,214879.5,Wednesday,1447,0,Mall,1pm–12am,0.11,1350,FALSE,0,1447,0,222941.5297,-8062.029664,0.989056693,31388.07512
1/30/2025,HCENT_ISB,Howdy - Centaurus Mall,7.8,0,11,,76.1,134028,Thursday,1241,0,Mall,1pm–12am,0.08,1350,FALSE,0,1241,0,90442.54165,43585.45835,0.989056693,31388.07512
1/31/2025,HCENT_ISB,Howdy - Centaurus Mall,8.1,0,15,,93.8,211380.84,Friday,1318,0,Mall,1pm–12am,0.11,1458,FALSE,0,1318,0,208192.1156,3188.724394,0.989056693,31388.07512
3/1/2025,HCENT_ISB,Howdy - Centaurus Mall,19.7,0,5,,85.8,224211.24,Saturday,1398,0,Mall,1pm–12am,0.11,1458,FALSE,0,1398,0,242087.5354,-17876.29538,0.989056693,31388.07512
3/2/2025,HCENT_ISB,Howdy - Centaurus Mall,20.9,0,9,,86.7,227258.46,Sunday,1417,0,Mall,1pm–12am,0.11,1458,FALSE,0,1417,0,246264.3616,-19005.90161,0.989056693,31388.07512
3/4/2025,HCENT_ISB,Howdy - Centaurus Mall,12.5,0,15,,72.9,144288,Tuesday,1336,0,Mall,1pm–12am,0.08,1350,FALSE,0,1336,0,121094.1804,23193.81957,0.989056693,31388.07512
3/6/2025,HCENT_ISB,Howdy - Centaurus Mall,14.2,0,14,,81.8,201811.5,Thursday,1359,0,Mall,1pm–12am,0.11,1350,FALSE,0,1359,0,190041.4315,11770.06847,0.989056693,31388.07512
3/8/2025,HCENT_ISB,Howdy - Centaurus Mall,18.7,0,14,,90.8,246022.92,Saturday,1534,0,Mall,1pm–12am,0.11,1458,FALSE,0,1534,0,283419.4307,-37396.51075,0.989056693,31388.07512
3/9/2025,HCENT_ISB,Howdy - Centaurus Mall,19.7,0,10,,85.2,234475.56,Sunday,1462,0,Mall,1pm–12am,0.11,1458,FALSE,0,1462,0,261299.1086,-26823.54864,0.989056693,31388.07512
3/10/2025,HCENT_ISB,Howdy - Centaurus Mall,12,0,7,,85.4,193941,Monday,1306,0,Mall,1pm–12am,0.11,1350,FALSE,0,1306,0,175569.7553,18371.24472,0.989056693,31388.07512
3/11/2025,HCENT_ISB,Howdy - Centaurus Mall,16.9,0,10,,76.1,160704,Tuesday,1488,0,Mall,1pm–12am,0.08,1350,FALSE,0,1488,0,176147.8731,-15443.87312,0.989056693,31388.07512
3/13/2025,HCENT_ISB,Howdy - Centaurus Mall,17.7,0,8,,73.9,148716,Thursday,1377,0,Mall,1pm–12am,0.08,1350,FALSE,0,1377,0,139197.9435,9518.0565,0.989056693,31388.07512
3/18/2025,HCENT_ISB,Howdy - Centaurus Mall,17.6,0,12,,82.5,218889,Tuesday,1474,0,Mall,1pm–12am,0.11,1350,FALSE,0,1474,0,230782.6368,-11893.63679,0.989056693,31388.07512
3/20/2025,HCENT_ISB,Howdy - Centaurus Mall,14,0,5,,91.6,201069,Thursday,1354,0,Mall,1pm–12am,0.11,1350,FALSE,0,1354,0,192841.8163,8227.183713,0.989056693,31388.07512
3/22/2025,HCENT_ISB,Howdy - Centaurus Mall,22.4,0,10,,75.5,166445.28,Saturday,1427,0,Mall,1pm–12am,0.08,1458,FALSE,0,1427,0,188848.4508,-22403.17079,0.989056693,31388.07512
3/23/2025,HCENT_ISB,Howdy - Centaurus Mall,16.1,0,5,,90.1,226937.7,Sunday,1415,0,Mall,1pm–12am,0.11,1458,FALSE,0,1415,0,247651.1975,-20713.49745,0.989056693,31388.07512
3/24/2025,HCENT_ISB,Howdy - Centaurus Mall,20.4,0,14,,88.2,213691.5,Monday,1439,0,Mall,1pm–12am,0.11,1350,FALSE,0,1439,0,217173.6441,-3482.144149,0.989056693,31388.07512
3/25/2025,HCENT_ISB,Howdy - Centaurus Mall,20.1,0,10,,78.8,156168,Tuesday,1446,0,Mall,1pm–12am,0.08,1350,FALSE,0,1446,0,161487.232,-5319.232016,0.989056693,31388.07512
3/28/2025,HCENT_ISB,Howdy - Centaurus Mall,24,0,5,,79.4,156880.8,Friday,1345,0,Mall,1pm–12am,0.08,1458,FALSE,0,1345,0,163206.5641,-6325.764068,0.989056693,31388.07512
3/29/2025,HCENT_ISB,Howdy - Centaurus Mall,14.4,0,14,,76.1,153498.24,Saturday,1316,0,Mall,1pm–12am,0.08,1458,FALSE,0,1316,0,148241.7157,5256.524282,0.989056693,31388.07512
3/30/2025,HCENT_ISB,Howdy - Centaurus Mall,20.4,0,10,,82,230305.68,Sunday,1436,0,Mall,1pm–12am,0.11,1458,FALSE,0,1436,0,252558.0664,-22252.38643,0.989056693,31388.07512
3/31/2025,HCENT_ISB,Howdy - Centaurus Mall,19.9,0,10,,94,183694.5,Monday,1237,0,Mall,1pm–12am,0.11,1350,FALSE,0,1237,0,149466.1494,34228.35063,0.989056693,31388.07512
1/1/2025,HGIGA_ISB,Howdy - Giga Mall,13.1,0,7,,93.8,104742,Wednesday,828,0,Mall,1pm–12am,0.11,1150,FALSE,0,828,0,93866.678,10875.322,0.994329118,11390.94839
1/2/2025,HGIGA_ISB,Howdy - Giga Mall,14.9,0,10,,74.6,95864,Thursday,1042,0,Mall,1pm–12am,0.08,1150,FALSE,0,1042,0,105757.1587,-9893.158696,0.994329118,11390.94839
1/5/2025,HGIGA_ISB,Howdy - Giga Mall,12.1,0,7,,74.1,100353.6,Sunday,1010,0,Mall,1pm–12am,0.08,1242,FALSE,0,1010,0,108199.8463,-7846.246292,0.994329118,11390.94839
1/6/2025,HGIGA_ISB,Howdy - Giga Mall,3.9,0,13,,71.3,84548,Monday,919,0,Mall,1pm–12am,0.08,1150,FALSE,0,919,0,82459.28033,2088.719672,0.994329118,11390.94839
1/7/2025,HGIGA_ISB,Howdy - Giga Mall,8.5,0,5,,91.2,114609,Tuesday,906,0,Mall,1pm–12am,0.11,1150,FALSE,0,906,0,110018.8767,4590.123254,0.994329118,11390.94839
1/8/2025,HGIGA_ISB,Howdy - Giga Mall,12.8,0,12,,89.6,109169.5,Wednesday,863,0,Mall,1pm–12am,0.11,1150,FALSE,0,863,0,103171.6029,5997.897144,0.994329118,11390.94839
1/9/2025,HGIGA_ISB,Howdy - Giga Mall,10.5,0,7,,75.4,85008,Thursday,924,0,Mall,1pm–12am,0.08,1150,FALSE,0,924,0,81075.38488,3932.615117,0.994329118,11390.94839
1/11/2025,HGIGA_ISB,Howdy - Giga Mall,16.7,0,13,,70.4,87536.16,Saturday,881,0,Mall,1pm–12am,0.08,1242,FALSE,0,881,0,84395.09668,3141.063316,0.994329118,11390.94839
1/13/2025,HGIGA_ISB,Howdy - Giga Mall,9.2,0,5,,74.9,91816,Monday,998,0,Mall,1pm–12am,0.08,1150,FALSE,0,998,0,95793.71127,-3977.711271,0.994329118,11390.94839
1/14/2025,HGIGA_ISB,Howdy - Giga Mall,6.5,0,15,,82.7,125361.5,Tuesday,991,0,Mall,1pm–12am,0.11,1150,FALSE,0,991,0,131691.1053,-6329.605308,0.994329118,11390.94839
1/16/2025,HGIGA_ISB,Howdy - Giga Mall,10.6,0,6,,85.9,111067,Thursday,878,0,Mall,1pm–12am,0.11,1150,FALSE,0,878,0,106131.5315,4935.46848,0.994329118,11390.94839
1/19/2025,HGIGA_ISB,Howdy - Giga Mall,8.9,0,11,,83.3,115990.38,Sunday,849,0,Mall,1pm–12am,0.11,1242,FALSE,0,849,0,111371.4933,4618.886743,0.994329118,11390.94839
1/20/2025,HGIGA_ISB,Howdy - Giga Mall,10,0,6,,78.1,85560,Monday,930,0,Mall,1pm–12am,0.08,1150,FALSE,0,930,0,81288.93264,4271.067355,0.994329118,11390.94839
1/21/2025,HGIGA_ISB,Howdy - Giga Mall,8.2,0,15,,88,138517.5,Tuesday,1095,0,Mall,1pm–12am,0.11,1150,FALSE,0,1095,0,151139.364,-12621.864,0.994329118,11390.94839
1/22/2025,HGIGA_ISB,Howdy - Giga Mall,11,0,11,,80.9,133457.5,Wednesday,1055,0,Mall,1pm–12am,0.11,1150,FALSE,0,1055,0,144383.3129,-10925.81294,0.994329118,11390.94839
1/23/2025,HGIGA_ISB,Howdy - Giga Mall,10.8,0,6,,87.5,102718,Thursday,812,0,Mall,1pm–12am,0.11,1150,FALSE,0,812,0,92311.72888,10406.27112,0.994329118,11390.94839
1/25/2025,HGIGA_ISB,Howdy - Giga Mall,8.9,0,14,,86.5,116673.48,Saturday,854,0,Mall,1pm–12am,0.11,1242,FALSE,0,854,0,112016.8033,4656.676651,0.994329118,11390.94839
1/26/2025,HGIGA_ISB,Howdy - Giga Mall,5,0,11,,70.6,103930.56,Sunday,1046,0,Mall,1pm–12am,0.08,1242,FALSE,0,1046,0,117302.8558,-13372.29584,0.994329118,11390.94839
1/28/2025,HGIGA_ISB,Howdy - Giga Mall,12.4,0,9,,97.6,113597,Tuesday,898,0,Mall,1pm–12am,0.11,1150,FALSE,0,898,0,107278.9728,6318.027216,0.994329118,11390.94839
1/31/2025,HGIGA_ISB,Howdy - Giga Mall,10.7,0,14,,81.9,134024.22,Friday,981,0,Mall,1pm–12am,0.11,1242,FALSE,0,981,0,139062.3236,-5038.103619,0.994329118,11390.94839
3/1/2025,HGIGA_ISB,Howdy - Giga Mall,23,0,11,,90.4,124597.44,Saturday,912,0,Mall,1pm–12am,0.11,1242,FALSE,0,912,0,121994.7562,2602.683801,0.994329118,11390.94839
3/3/2025,HGIGA_ISB,Howdy - Giga Mall,18.5,0,7,,76,83352,Monday,906,0,Mall,1pm–12am,0.08,1150,FALSE,0,906,0,77257.63273,6094.367271,0.994329118,11390.94839
3/4/2025,HGIGA_ISB,Howdy - Giga Mall,18.8,0,5,,86.5,128271,Tuesday,1014,0,Mall,1pm–12am,0.11,1150,FALSE,0,1014,0,133252.8632,-4981.863212,0.994329118,11390.94839
3/5/2025,HGIGA_ISB,Howdy - Giga Mall,16.3,0,11,,84,104362.5,Wednesday,825,0,Mall,1pm–12am,0.11,1150,FALSE,0,825,0,96960.43566,7402.064338,0.994329118,11390.94839
3/6/2025,HGIGA_ISB,Howdy - Giga Mall,24.8,0,7,,100,126120.5,Thursday,997,0,Mall,1pm–12am,0.11,1150,FALSE,0,997,0,126188.3074,-67.80737583,0.994329118,11390.94839
3/8/2025,HGIGA_ISB,Howdy - Giga Mall,13.8,0,13,,90.6,127739.7,Saturday,935,0,Mall,1pm–12am,0.11,1242,FALSE,0,935,0,126976.6092,763.0907933,0.994329118,11390.94839
3/9/2025,HGIGA_ISB,Howdy - Giga Mall,17.6,0,8,,84.9,118176.3,Sunday,865,0,Mall,1pm–12am,0.11,1242,FALSE,0,865,0,113542.8597,4633.440349,0.994329118,11390.94839
3/10/2025,HGIGA_ISB,Howdy - Giga Mall,13.9,0,11,,81.1,123464,Monday,976,0,Mall,1pm–12am,0.11,1150,FALSE,0,976,0,128352.0341,-4888.034095,0.994329118,11390.94839
3/11/2025,HGIGA_ISB,Howdy - Giga Mall,15.2,0,13,,75.1,74520,Tuesday,810,0,Mall,1pm–12am,0.08,1150,FALSE,0,810,0,59291.05286,15228.94714,0.994329118,11390.94839
3/13/2025,HGIGA_ISB,Howdy - Giga Mall,20,0,9,,78.6,92644,Thursday,1007,0,Mall,1pm–12am,0.08,1150,FALSE,0,1007,0,97294.56232,-4650.56232,0.994329118,11390.94839
3/14/2025,HGIGA_ISB,Howdy - Giga Mall,18.4,0,12,,75.8,102142.08,Friday,1028,0,Mall,1pm–12am,0.08,1242,FALSE,0,1028,0,112311.3658,-10169.28585,0.994329118,11390.94839
3/15/2025,HGIGA_ISB,Howdy - Giga Mall,20.1,0,7,,70,95882.4,Saturday,965,0,Mall,1pm–12am,0.08,1242,FALSE,0,965,0,100322.6039,-4440.203923,0.994329118,11390.94839
3/16/2025,HGIGA_ISB,Howdy - Giga Mall,23.3,0,8,,75.3,85449.6,Sunday,860,0,Mall,1pm–12am,0.08,1242,FALSE,0,860,0,77712.21419,7737.38581,0.994329118,11390.94839
3/17/2025,HGIGA_ISB,Howdy - Giga Mall,16.3,0,8,,100,104236,Monday,824,0,Mall,1pm–12am,0.11,1150,FALSE,0,824,0,91407.9194,12828.0806,0.994329118,11390.94839
3/19/2025,HGIGA_ISB,Howdy - Giga Mall,24.2,0,6,,77.3,96876,Wednesday,1053,0,Mall,1pm–12am,0.08,1150,FALSE,0,1053,0,106394.4851,-9518.485084,0.994329118,11390.94839
3/20/2025,HGIGA_ISB,Howdy - Giga Mall,15.8,0,7,,78.9,90252,Thursday,981,0,Mall,1pm–12am,0.08,1150,FALSE,0,981,0,91557.336,-1305.335999,0.994329118,11390.94839
3/22/2025,HGIGA_ISB,Howdy - Giga Mall,19.8,0,14,,72.4,83462.4,Saturday,840,0,Mall,1pm–12am,0.08,1242,FALSE,0,840,0,75706.25725,7756.142746,0.994329118,11390.94839
3/23/2025,HGIGA_ISB,Howdy - Giga Mall,18.6,0,15,,88.4,126783.36,Sunday,928,0,Mall,1pm–12am,0.11,1242,FALSE,0,928,0,126607.7329,175.6271044,0.994329118,11390.94839
3/24/2025,HGIGA_ISB,Howdy - Giga Mall,15.2,0,13,,82.7,103730,Monday,820,0,Mall,1pm–12am,0.11,1150,FALSE,0,820,0,96727.97426,7002.025742,0.994329118,11390.94839
3/28/2025,HGIGA_ISB,Howdy - Giga Mall,18.5,0,9,,81.3,147003.12,Friday,1076,0,Mall,1pm–12am,0.11,1242,FALSE,0,1076,0,157468.9814,-10465.86138,0.994329118,11390.94839
3/29/2025,HGIGA_ISB,Howdy - Giga Mall,19.6,0,9,,74.1,96478.56,Saturday,971,0,Mall,1pm–12am,0.08,1242,FALSE,0,971,0,100706.4581,-4227.89806,0.994329118,11390.94839
3/31/2025,HGIGA_ISB,Howdy - Giga Mall,20.3,0,7,,92.6,112332,Monday,888,0,Mall,1pm–12am,0.11,1150,FALSE,0,888,0,106354.3559,5977.644063,0.994329118,11390.94839
1/1/2025,GB_F11_ISB,Greenbae - F-11,7.4,0,11,,56.2,44616,Wednesday,429,1,Standalone,1pm–12am,0.13,800,TRUE,0,429,0,45412.13133,-796.1313277,0.974543009,6987.186316
1/3/2025,GB_F11_ISB,Greenbae - F-11,13.2,0,5,,90.1,58060.8,Friday,420,0,Standalone,1pm–12am,0.16,864,FALSE,0,420,0,62099.02488,-4038.224876,0.974543009,6987.186316
1/4/2025,GB_F11_ISB,Greenbae - F-11,10.7,0,10,,55.3,37851.84,Saturday,337,1,Standalone,1pm–12am,0.13,864,TRUE,0,337,0,34539.82267,3312.017331,0.974543009,6987.186316
1/5/2025,GB_F11_ISB,Greenbae - F-11,13.2,0,7,,86,51148.8,Sunday,370,0,Standalone,1pm–12am,0.16,864,FALSE,0,370,0,52340.98367,-1192.183675,0.974543009,6987.186316
1/7/2025,GB_F11_ISB,Greenbae - F-11,16.5,0,15,,77.5,33072,Tuesday,318,0,Standalone,1pm–12am,0.13,800,FALSE,0,318,0,24579.16775,8492.832245,0.974543009,6987.186316
1/8/2025,GB_F11_ISB,Greenbae - F-11,8.5,0,6,,97.9,42368,Wednesday,331,0,Standalone,1pm–12am,0.16,800,FALSE,0,331,0,35724.20563,6643.79437,0.974543009,6987.186316
1/9/2025,GB_F11_ISB,Greenbae - F-11,10.6,0,6,,76.4,40560,Thursday,390,0,Standalone,1pm–12am,0.13,800,FALSE,0,390,0,36178.85051,4381.149488,0.974543009,6987.186316
1/10/2025,GB_F11_ISB,Greenbae - F-11,1.1,0,6,,81.2,48936.96,Friday,354,0,Standalone,1pm–12am,0.16,864,FALSE,0,354,0,48508.91462,428.0453753,0.974543009,6987.186316
1/11/2025,GB_F11_ISB,Greenbae - F-11,10.8,0,11,,100,65525.76,Saturday,474,0,Standalone,1pm–12am,0.16,864,FALSE,0,474,0,75781.02076,-10255.26076,0.974543009,6987.186316
1/12/2025,GB_F11_ISB,Greenbae - F-11,16.4,0,11,,100,48107.52,Sunday,348,0,Standalone,1pm–12am,0.16,864,FALSE,0,348,0,49695.70311,-1588.183115,0.974543009,6987.186316
1/13/2025,GB_F11_ISB,Greenbae - F-11,7.8,0,6,,72.5,50336,Monday,484,0,Standalone,1pm–12am,0.13,800,FALSE,0,484,0,55512.35632,-5176.356323,0.974543009,6987.186316
1/14/2025,GB_F11_ISB,Greenbae - F-11,13.7,0,12,,78,41496,Tuesday,399,0,Standalone,1pm–12am,0.13,800,FALSE,0,399,0,40274.4449,1221.555099,0.974543009,6987.186316
1/15/2025,GB_F11_ISB,Greenbae - F-11,11.1,0,10,,59.1,48776,Wednesday,469,1,Standalone,1pm–12am,0.13,800,TRUE,0,469,0,53424.21967,-4648.219672,0.974543009,6987.186316
1/17/2025,GB_F11_ISB,Greenbae - F-11,18.4,0,15,,75.9,38525.76,Friday,343,0,Standalone,1pm–12am,0.13,864,FALSE,0,343,0,38269.52832,256.2316806,0.974543009,6987.186316
1/18/2025,GB_F11_ISB,Greenbae - F-11,10.9,0,6,,98.4,50872.32,Saturday,368,0,Standalone,1pm–12am,0.16,864,FALSE,0,368,0,51967.25022,-1094.930221,0.974543009,6987.186316
1/19/2025,GB_F11_ISB,Greenbae - F-11,8.4,0,14,,73.6,40884.48,Sunday,364,0,Standalone,1pm–12am,0.13,864,FALSE,0,364,0,42178.82404,-1294.344045,0.974543009,6987.186316
1/23/2025,GB_F11_ISB,Greenbae - F-11,11.5,0,9,,93.4,57216,Thursday,447,0,Standalone,1pm–12am,0.16,800,FALSE,0,447,0,60682.89071,-3466.890711,0.974543009,6987.186316
1/25/2025,GB_F11_ISB,Greenbae - F-11,4.9,0,7,,85,56540.16,Saturday,409,0,Standalone,1pm–12am,0.16,864,FALSE,0,409,0,60382.45434,-3842.294345,0.974543009,6987.186316
1/26/2025,GB_F11_ISB,Greenbae - F-11,13.3,0,13,,83.6,60272.64,Sunday,436,0,Standalone,1pm–12am,0.16,864,FALSE,0,436,0,68106.85402,-7834.214025,0.974543009,6987.186316
1/27/2025,GB_F11_ISB,Greenbae - F-11,12.1,0,7,,67.4,50752,Monday,488,1,Standalone,1pm–12am,0.13,800,TRUE,0,488,0,56537.80284,-5785.802838,0.974543009,6987.186316
1/28/2025,GB_F11_ISB,Greenbae - F-11,10.9,0,9,,89.3,51968,Tuesday,406,0,Standalone,1pm–12am,0.16,800,FALSE,0,406,0,52061.33066,-93.33066315,0.974543009,6987.186316
1/29/2025,GB_F11_ISB,Greenbae - F-11,9.8,0,11,,67.2,48048,Wednesday,462,1,Standalone,1pm–12am,0.13,800,TRUE,0,462,0,52602.11864,-4554.118644,0.974543009,6987.186316
1/30/2025,GB_F11_ISB,Greenbae - F-11,4,0,7,,70.1,44408,Thursday,427,0,Standalone,1pm–12am,0.13,800,FALSE,0,427,0,43997.09847,410.9015298,0.974543009,6987.186316
1/31/2025,GB_F11_ISB,Greenbae - F-11,5.7,0,6,,85.2,59857.92,Friday,433,0,Standalone,1pm–12am,0.16,864,FALSE,0,433,0,64994.21961,-5136.299609,0.974543009,6987.186316
2/1/2025,GB_F11_ISB,Greenbae - F-11,12.7,0,9,,85.5,203688,Saturday,575,0,Standalone,1pm–12am,0.41,864,FALSE,0,575,0,187658.1083,16029.89166,0.974543009,6987.186316
2/2/2025,GB_F11_ISB,Greenbae - F-11,19.1,0,8,,83.9,145592.64,Sunday,411,0,Standalone,1pm–12am,0.41,864,FALSE,0,411,0,153290.3223,-7697.682278,0.974543009,6987.186316
2/3/2025,GB_F11_ISB,Greenbae - F-11,14.3,0,9,,62.8,124944,Monday,411,1,Standalone,1pm–12am,0.38,800,TRUE,0,411,0,133340.0218,-8396.021807,0.974543009,6987.186316
2/6/2025,GB_F11_ISB,Greenbae - F-11,12.3,0,8,,74.4,126160,Thursday,415,0,Standalone,1pm–12am,0.38,800,FALSE,0,415,0,134182.4014,-8022.40136,0.974543009,6987.186316
2/7/2025,GB_F11_ISB,Greenbae - F-11,13.2,0,13,,86.4,204396.48,Friday,577,0,Standalone,1pm–12am,0.41,864,FALSE,0,577,0,189554.9732,14841.50676,0.974543009,6987.186316
2/8/2025,GB_F11_ISB,Greenbae - F-11,14.6,0,7,,76.3,148400.64,Saturday,452,0,Standalone,1pm–12am,0.38,864,FALSE,0,452,0,150107.6467,-1707.006747,0.974543009,6987.186316
2/9/2025,GB_F11_ISB,Greenbae - F-11,16.8,0,9,,76.8,119180.16,Sunday,363,0,Standalone,1pm–12am,0.38,864,FALSE,0,363,0,132425.3373,-13245.17727,0.974543009,6987.186316
2/10/2025,GB_F11_ISB,Greenbae - F-11,13.2,0,6,,76.9,129504,Monday,426,0,Standalone,1pm–12am,0.38,800,FALSE,0,426,0,135814.3257,-6310.325722,0.974543009,6987.186316
2/11/2025,GB_F11_ISB,Greenbae - F-11,16.8,0,9,,78.9,165072,Tuesday,543,0,Standalone,1pm–12am,0.38,800,FALSE,0,543,0,161191.6526,3880.347442,0.974543009,6987.186316
2/12/2025,GB_F11_ISB,Greenbae - F-11,9.4,0,7,,71.2,140144,Wednesday,461,0,Standalone,1pm–12am,0.38,800,FALSE,0,461,0,143238.0548,-3094.05475,0.974543009,6987.186316
2/13/2025,GB_F11_ISB,Greenbae - F-11,15,0,10,,83.1,190896,Thursday,582,0,Standalone,1pm–12am,0.41,800,FALSE,0,582,0,180825.7434,10070.25662,0.974543009,6987.186316
2/14/2025,GB_F11_ISB,Greenbae - F-11,12.6,0,14,,76.7,123120,Friday,375,0,Standalone,1pm–12am,0.38,864,FALSE,0,375,0,136723.2872,-13603.28716,0.974543009,6987.186316
2/15/2025,GB_F11_ISB,Greenbae - F-11,14.5,0,11,,89.2,171806.4,Saturday,485,0,Standalone,1pm–12am,0.41,864,FALSE,0,485,0,169872.9524,1933.447573,0.974543009,6987.186316
2/16/2025,GB_F11_ISB,Greenbae - F-11,13.3,0,15,,81.5,172514.88,Sunday,487,0,Standalone,1pm–12am,0.41,864,FALSE,0,487,0,171489.8338,1025.046157,0.974543009,6987.186316
2/17/2025,GB_F11_ISB,Greenbae - F-11,7.5,0,7,,64.6,126768,Monday,417,1,Standalone,1pm–12am,0.38,800,TRUE,0,417,0,133914.0252,-7146.025163,0.974543009,6987.186316
2/18/2025,GB_F11_ISB,Greenbae - F-11,11.8,0,9,,86.5,164328,Tuesday,501,0,Standalone,1pm–12am,0.41,800,FALSE,0,501,0,163803.9238,524.076152,0.974543009,6987.186316
2/19/2025,GB_F11_ISB,Greenbae - F-11,12.4,0,14,,70.9,129808,Wednesday,427,0,Standalone,1pm–12am,0.38,800,FALSE,0,427,0,138733.038,-8925.038023,0.974543009,6987.186316
2/20/2025,GB_F11_ISB,Greenbae - F-11,12.9,0,11,,87.1,139728,Thursday,426,0,Standalone,1pm–12am,0.41,800,FALSE,0,426,0,149023.2386,-9295.238615,0.974543009,6987.186316
2/21/2025,GB_F11_ISB,Greenbae - F-11,16.3,0,10,,97.5,191643.84,Friday,541,0,Standalone,1pm–12am,0.41,864,FALSE,0,541,0,181373.2656,10270.57436,0.974543009,6987.186316
2/22/2025,GB_F11_ISB,Greenbae - F-11,18.2,0,9,,80.2,188455.68,Saturday,532,0,Standalone,1pm–12am,0.41,864,FALSE,0,532,0,178583.4282,9872.251834,0.974543009,6987.186316
2/23/2025,GB_F11_ISB,Greenbae - F-11,16.2,0,5,,73.7,169084.8,Sunday,515,0,Standalone,1pm–12am,0.38,864,FALSE,0,515,0,162338.9036,6745.896424,0.974543009,6987.186316
2/24/2025,GB_F11_ISB,Greenbae - F-11,20,0,14,,68.1,157168,Monday,517,1,Standalone,1pm–12am,0.38,800,TRUE,0,517,0,157274.2504,-106.2503524,0.974543009,6987.186316
2/25/2025,GB_F11_ISB,Greenbae - F-11,11.7,0,9,,76.4,129808,Tuesday,427,0,Standalone,1pm–12am,0.38,800,FALSE,0,427,0,137095.2077,-7287.207675,0.974543009,6987.186316
2/26/2025,GB_F11_ISB,Greenbae - F-11,15.7,0,7,,89.6,127920,Wednesday,390,0,Standalone,1pm–12am,0.41,800,FALSE,0,390,0,140198.1696,-12278.16962,0.974543009,6987.186316
2/27/2025,GB_F11_ISB,Greenbae - F-11,15,0,5,,70.1,145312,Thursday,478,0,Standalone,1pm–12am,0.38,800,FALSE,0,478,0,145994.9347,-682.9347062,0.974543009,6987.186316
3/3/2025,GB_F11_ISB,Greenbae - F-11,18.8,0,5,,76.8,42016,Monday,404,0,Standalone,1pm–12am,0.13,800,FALSE,0,404,0,38726.86372,3289.136284,0.974543009,6987.186316
3/4/2025,GB_F11_ISB,Greenbae - F-11,21.2,0,8,,63.1,47216,Tuesday,454,1,Standalone,1pm–12am,0.13,800,TRUE,0,454,0,49722.29377,-2506.29377,0.974543009,6987.186316
3/6/2025,GB_F11_ISB,Greenbae - F-11,19,0,9,,81.9,40832,Thursday,319,0,Standalone,1pm–12am,0.16,800,FALSE,0,319,0,33809.12389,7022.87611,0.974543009,6987.186316
3/7/2025,GB_F11_ISB,Greenbae - F-11,16.6,0,13,,75.4,38862.72,Friday,346,0,Standalone,1pm–12am,0.13,864,FALSE,0,346,0,38147.57338,715.14662,0.974543009,6987.186316
3/8/2025,GB_F11_ISB,Greenbae - F-11,20.6,0,15,,88.5,54328.32,Saturday,393,0,Standalone,1pm–12am,0.16,864,FALSE,0,393,0,60091.00311,-5762.683109,0.974543009,6987.186316
3/9/2025,GB_F11_ISB,Greenbae - F-11,16.7,0,6,,81.1,62069.76,Sunday,449,0,Standalone,1pm–12am,0.16,864,FALSE,0,449,0,68173.1604,-6103.400398,0.974543009,6987.186316
3/10/2025,GB_F11_ISB,Greenbae - F-11,23.7,0,14,,79.7,41392,Monday,398,0,Standalone,1pm–12am,0.13,800,FALSE,0,398,0,40849.51996,542.4800356,0.974543009,6987.186316
3/11/2025,GB_F11_ISB,Greenbae - F-11,15.9,0,11,,77.6,45240,Tuesday,435,0,Standalone,1pm–12am,0.13,800,FALSE,0,435,0,47350.9924,-2110.9924,0.974543009,6987.186316
3/12/2025,GB_F11_ISB,Greenbae - F-11,18.6,0,13,,57.1,40144,Wednesday,386,1,Standalone,1pm–12am,0.13,800,TRUE,0,386,0,37266.05554,2877.944465,0.974543009,6987.186316
3/14/2025,GB_F11_ISB,Greenbae - F-11,18.7,0,14,,88,50595.84,Friday,366,0,Standalone,1pm–12am,0.16,864,FALSE,0,366,0,54121.63617,-3525.796166,0.974543009,6987.186316
3/15/2025,GB_F11_ISB,Greenbae - F-11,13.9,0,15,,76.9,35268.48,Saturday,314,0,Standalone,1pm–12am,0.13,864,FALSE,0,314,0,32298.32095,2970.159045,0.974543009,6987.186316
3/16/2025,GB_F11_ISB,Greenbae - F-11,20,0,6,,72.7,46388.16,Sunday,413,0,Standalone,1pm–12am,0.13,864,FALSE,0,413,0,49386.79036,-2998.630356,0.974543009,6987.186316
3/17/2025,GB_F11_ISB,Greenbae - F-11,10.9,0,12,,72.3,38792,Monday,373,0,Standalone,1pm–12am,0.13,800,FALSE,0,373,0,34706.18986,4085.81014,0.974543009,6987.186316
3/18/2025,GB_F11_ISB,Greenbae - F-11,23.9,0,13,,97.8,46080,Tuesday,360,0,Standalone,1pm–12am,0.16,800,FALSE,0,360,0,44268.35897,1811.641034,0.974543009,6987.186316
3/19/2025,GB_F11_ISB,Greenbae - F-11,20.5,0,9,,67,31200,Wednesday,300,1,Standalone,1pm–12am,0.13,800,TRUE,0,300,0,18330.58604,12869.41396,0.974543009,6987.186316
3/22/2025,GB_F11_ISB,Greenbae - F-11,10.9,0,13,,71.8,34931.52,Saturday,311,0,Standalone,1pm–12am,0.13,864,FALSE,0,311,0,30784.44942,4147.070576,0.974543009,6987.186316
3/23/2025,GB_F11_ISB,Greenbae - F-11,15.9,0,8,,56.8,47848.32,Sunday,426,1,Standalone,1pm–12am,0.13,864,TRUE,0,426,0,52287.24459,-4438.924589,0.974543009,6987.186316
3/24/2025,GB_F11_ISB,Greenbae - F-11,15.1,0,13,,85.3,41984,Monday,328,0,Standalone,1pm–12am,0.16,800,FALSE,0,328,0,37236.56365,4747.436348,0.974543009,6987.186316
3/25/2025,GB_F11_ISB,Greenbae - F-11,17.3,0,13,,84.9,57856,Tuesday,452,0,Standalone,1pm–12am,0.16,800,FALSE,0,452,0,62894.80614,-5038.806144,0.974543009,6987.186316
3/26/2025,GB_F11_ISB,Greenbae - F-11,20.2,0,15,,78,51272,Wednesday,493,0,Standalone,1pm–12am,0.13,800,FALSE,0,493,0,60825.0537,-9553.053698,0.974543009,6987.186316
3/27/2025,GB_F11_ISB,Greenbae - F-11,16.1,0,8,,84.7,61184,Thursday,478,0,Standalone,1pm–12am,0.16,800,FALSE,0,478,0,66454.08994,-5270.089939,0.974543009,6987.186316
3/29/2025,GB_F11_ISB,Greenbae - F-11,19.5,0,9,,75.9,38525.76,Saturday,343,0,Standalone,1pm–12am,0.13,864,FALSE,0,343,0,36089.26086,2436.499144,0.974543009,6987.186316
3/30/2025,GB_F11_ISB,Greenbae - F-11,15.9,0,15,,77,50768.64,Sunday,452,0,Standalone,1pm–12am,0.13,864,FALSE,0,452,0,60871.21018,-10102.57018,0.974543009,6987.186316
3/31/2025,GB_F11_ISB,Greenbae - F-11,17.5,0,8,,82.2,40448,Monday,316,0,Standalone,1pm–12am,0.16,800,FALSE,0,316,0,32834.43385,7613.566147,0.974543009,6987.186316
1/10/2025,TLT_F11_ISB,The Lost Tribe - F-11,12.6,0.6,5,,92.3,270371.52,Friday,554.04,0,Standalone,1pm–12am,0.19,2916,FALSE,0,488,0,265741.5503,4629.969654,0.972550327,38205.91084
1/19/2025,TLT_F11_ISB,The Lost Tribe - F-11,11.7,0.6,13,,68.3,318660.48,Sunday,466.56,1,Standalone,1pm–12am,0.16,2916,TRUE,0,683,0,370619.9437,-51959.4637,0.972550327,38205.91084
2/4/2025,TLT_F11_ISB,The Lost Tribe - F-11,17.5,7.2,8,Platinum Debit 40% Off,80.1,856548,Tuesday,1188,0,Standalone,1pm–12am,0.44,2700,FALSE,0,721,0,839770.5515,16777.44851,0.972550327,38205.91084
2/8/2025,TLT_F11_ISB,The Lost Tribe - F-11,17.9,3.7,12,Platinum Debit 40% Off,80.1,877599.36,Saturday,1283.04,0,Standalone,1pm–12am,0.44,2916,FALSE,0,684,0,845353.1668,32246.19322,0.972550327,38205.91084
2/13/2025,TLT_F11_ISB,The Lost Tribe - F-11,11,6.6,9,Platinum Debit 40% Off,95.4,702108,Thursday,1188,0,Standalone,1pm–12am,0.44,2700,FALSE,0,591,0,735475.6511,-33367.65112,0.972550327,38205.91084
2/15/2025,TLT_F11_ISB,The Lost Tribe - F-11,11.6,1.8,7,Platinum Debit 40% Off,85.3,1073904.48,Saturday,1283.04,0,Standalone,1pm–12am,0.44,2916,FALSE,0,837,0,972499.803,101404.677,0.972550327,38205.91084
2/18/2025,TLT_F11_ISB,The Lost Tribe - F-11,17,4.4,9,Platinum Debit 40% Off,89.6,788832,Tuesday,1188,0,Standalone,1pm–12am,0.44,2700,FALSE,0,664,0,797576.5441,-8744.544144,0.972550327,38205.91084
2/19/2025,TLT_F11_ISB,The Lost Tribe - F-11,15,3,12,Platinum Debit 40% Off,75.6,754974,Wednesday,1107,0,Standalone,1pm–12am,0.41,2700,FALSE,0,682,0,762359.8836,-7385.883634,0.972550327,38205.91084
3/5/2025,TLT_F11_ISB,The Lost Tribe - F-11,19,0.6,8,,77.1,173664,Wednesday,432,0,Standalone,1pm–12am,0.16,2700,FALSE,0,402,0,113382.3205,60281.67952,0.972550327,38205.91084
3/6/2025,TLT_F11_ISB,The Lost Tribe - F-11,13.8,3.3,11,,63.5,228096,Thursday,432,1,Standalone,1pm–12am,0.16,2700,TRUE,0,528,0,210763.9923,17332.00769,0.972550327,38205.91084
3/14/2025,TLT_F11_ISB,The Lost Tribe - F-11,21.7,12.1,9,,83.6,323559.36,Friday,554.04,0,Standalone,1pm–12am,0.19,2916,FALSE,0,584,0,326141.9142,-2582.554217,0.972550327,38205.91084
3/16/2025,TLT_F11_ISB,The Lost Tribe - F-11,12.4,3.3,6,,74.1,315394.56,Sunday,466.56,0,Standalone,1pm–12am,0.16,2916,FALSE,0,676,0,362301.4961,-46906.93612,0.972550327,38205.91084
3/25/2025,TLT_F11_ISB,The Lost Tribe - F-11,17.9,3.2,9,,81.6,334476,Tuesday,513,0,Standalone,1pm–12am,0.19,2700,FALSE,0,652,0,362648.6896,-28172.68963,0.972550327,38205.91084
3/31/2025,TLT_F11_ISB,The Lost Tribe - F-11,12.7,1.6,10,,88.7,240084,Monday,513,0,Standalone,1pm–12am,0.19,2700,FALSE,0,468,0,216162.1457,23921.85434,0.972550327,38205.91084
1/2/2025,GB_F11_ISB,Greenbae - F-11,15.6,18,13,,78.9,36753.6,Thursday,372,0,Standalone,1pm–12am,0.13,760,FALSE,0,372,0,34405.75389,2347.846107,0.974543009,6987.186316
1/6/2025,GB_F11_ISB,Greenbae - F-11,13.4,3.3,5,,83.6,51923.2,Monday,427,0,Standalone,1pm–12am,0.16,760,FALSE,0,427,0,50274.03056,1649.169443,0.974543009,6987.186316
1/16/2025,GB_F11_ISB,Greenbae - F-11,12,6.8,9,,78.9,45645.6,Thursday,462,0,Standalone,1pm–12am,0.13,760,FALSE,0,462,0,48671.00258,-3025.402575,0.974543009,6987.186316
1/20/2025,GB_F11_ISB,Greenbae - F-11,10.7,5,13,,61.2,41594.8,Monday,421,1,Standalone,1pm–12am,0.13,760,TRUE,0,421,0,40591.93093,1002.869067,0.974543009,6987.186316
1/21/2025,GB_F11_ISB,Greenbae - F-11,9.9,0.5,10,,64.8,35765.6,Tuesday,403,1,Standalone,1pm–12am,0.13,760,TRUE,1,362,1,26233.79945,9531.80055,0.974543009,6987.186316
1/24/2025,GB_F11_ISB,Greenbae - F-11,7.7,1.4,14,,64.6,44495.57,Friday,417,1,Standalone,1pm–12am,0.13,820.8,TRUE,0,417,0,47439.82999,-2944.259994,0.974543009,6987.186316
2/5/2025,GB_F11_ISB,Greenbae - F-11,11,1.8,12,,80.2,186336.8,Wednesday,598,0,Standalone,1pm–12am,0.41,760,FALSE,0,598,0,179884.521,6452.279046,0.974543009,6987.186316
2/28/2025,GB_F11_ISB,Greenbae - F-11,18.6,2.6,8,,80.4,179032.9,Friday,532,0,Standalone,1pm–12am,0.41,820.8,FALSE,0,532,0,173120.3503,5912.549657,0.974543009,6987.186316
3/1/2025,GB_F11_ISB,Greenbae - F-11,16.7,5.6,10,,75.1,49937.47,Saturday,468,0,Standalone,1pm–12am,0.13,820.8,FALSE,0,468,0,57979.10504,-8041.635039,0.974543009,6987.186316
3/2/2025,GB_F11_ISB,Greenbae - F-11,19.1,0.2,7,,76.9,49937.47,Sunday,468,0,Standalone,1pm–12am,0.13,820.8,FALSE,0,468,0,55542.79653,-5605.326532,0.974543009,6987.186316
3/21/2025,GB_F11_ISB,Greenbae - F-11,13.8,0.3,13,,80,60148.22,Friday,458,0,Standalone,1pm–12am,0.16,820.8,FALSE,0,458,0,66839.68924,-6691.469245,0.974543009,6987.186316
3/28/2025,GB_F11_ISB,Greenbae - F-11,17,0.4,14,,97.1,44126.21,Friday,336,0,Standalone,1pm–12am,0.16,820.8,FALSE,0,336,0,42528.58055,1597.629446,0.974543009,6987.186316
1/1/2025,HCENT_ISB,Howdy - Centaurus Mall,10.2,0.9,12,,65.5,146410.2,Wednesday,1427,1,Mall,1pm–12am,0.08,1282.5,TRUE,0,1427,0,132434.4689,13975.73108,0.989056693,31388.07512
1/4/2025,HCENT_ISB,Howdy - Centaurus Mall,17.4,3,12,,100,237530.8,Saturday,1559,0,Mall,1pm–12am,0.11,1385.1,FALSE,0,1559,0,265784.7772,-28253.9772,0.989056693,31388.07512
1/7/2025,HCENT_ISB,Howdy - Centaurus Mall,16.9,1,6,,83.8,195812.1,Tuesday,1388,0,Mall,1pm–12am,0.11,1282.5,FALSE,0,1388,0,182120.4214,13691.67863,0.989056693,31388.07512
1/16/2025,HCENT_ISB,Howdy - Centaurus Mall,11.6,2.9,8,,88.7,222193.12,Thursday,1575,0,Mall,1pm–12am,0.11,1282.5,FALSE,0,1575,0,242520.8096,-20327.68964,0.989056693,31388.07512
1/22/2025,HCENT_ISB,Howdy - Centaurus Mall,11.3,1.1,11,,73.5,156978,Wednesday,1530,0,Mall,1pm–12am,0.08,1282.5,FALSE,0,1530,0,167691.9025,-10713.90247,0.989056693,31388.07512
1/27/2025,HCENT_ISB,Howdy - Centaurus Mall,11.1,5.1,7,,94.6,187206.52,Monday,1327,0,Mall,1pm–12am,0.11,1282.5,FALSE,0,1327,0,154259.3386,32947.18136,0.989056693,31388.07512
2/7/2025,HCENT_ISB,Howdy - Centaurus Mall,15.3,16.2,15,Platinum Debit 40% Off,92.1,752441.72,Friday,1509,0,Mall,1pm–12am,0.36,1385.1,FALSE,0,1509,0,738381.6101,14060.10989,0.989056693,31388.07512
2/17/2025,HCENT_ISB,Howdy - Centaurus Mall,13,0.7,8,Platinum Debit 40% Off,92.5,751647.6,Monday,1628,0,Mall,1pm–12am,0.36,1282.5,FALSE,0,1628,0,772272.5323,-20624.9323,0.989056693,31388.07512
2/19/2025,HCENT_ISB,Howdy - Centaurus Mall,10.6,3.3,13,Platinum Debit 40% Off,66,654305.85,Wednesday,1546,1,Mall,1pm–12am,0.33,1282.5,TRUE,0,1546,0,678390.8149,-24084.96489,0.989056693,31388.07512
2/20/2025,HCENT_ISB,Howdy - Centaurus Mall,16.9,2.5,9,Platinum Debit 40% Off,95.7,846296.1,Thursday,1833,0,Mall,1pm–12am,0.36,1282.5,FALSE,0,1833,0,839705.3478,6590.752208,0.989056693,31388.07512
2/22/2025,HCENT_ISB,Howdy - Centaurus Mall,10.9,0.8,11,Platinum Debit 40% Off,68,695680.33,Saturday,1522,1,Mall,1pm–12am,0.33,1385.1,TRUE,0,1522,0,706500.3192,-10819.98922,0.989056693,31388.07512
2/23/2025,HCENT_ISB,Howdy - Centaurus Mall,11.1,2.2,9,Platinum Debit 40% Off,75.5,713963.65,Sunday,1562,0,Mall,1pm–12am,0.33,1385.1,FALSE,0,1562,0,719041.5859,-5077.935946,0.989056693,31388.07512
3/3/2025,HCENT_ISB,Howdy - Centaurus Mall,16.4,2.5,5,Platinum Debit 40% Off,95.1,629758.8,Monday,1364,0,Mall,1pm–12am,0.36,1282.5,FALSE,0,1364,0,680416.5698,-50657.76981,0.989056693,31388.07512
3/19/2025,HCENT_ISB,Howdy - Centaurus Mall,22.3,2.7,13,,65.6,135432,Wednesday,1320,1,Mall,1pm–12am,0.08,1282.5,TRUE,0,1320,0,92550.20695,42881.79305,0.989056693,31388.07512
3/26/2025,HCENT_ISB,Howdy - Centaurus Mall,17.6,2.5,8,,74.2,151745.4,Wednesday,1479,0,Mall,1pm–12am,0.08,1282.5,FALSE,0,1479,0,149914.7234,1830.676632,0.989056693,31388.07512
3/27/2025,HCENT_ISB,Howdy - Centaurus Mall,15.5,0.4,5,,91.3,174227.62,Thursday,1235,0,Mall,1pm–12am,0.11,1282.5,FALSE,0,1235,0,130259.2105,43968.40947,0.989056693,31388.07512
1/5/2025,HF7_ISB,Howdy F7 Branch,10.8,0.4,7,Platinum Debit 40% Off,68.8,422006.11,Sunday,902,1,Standalone,1pm–12am,0.38,1231.2,TRUE,0,902,0,419314.3303,2691.779719,0.948166616,35491.17525
1/8/2025,HF7_ISB,Howdy F7 Branch,4.2,1.8,12,,78.9,139752.6,Wednesday,943,0,Standalone,1pm–12am,0.13,1140,FALSE,0,943,0,151227.2456,-11474.64559,0.948166616,35491.17525
1/9/2025,HF7_ISB,Howdy F7 Branch,6.3,7.3,14,,78.5,125970,Thursday,850,0,Standalone,1pm–12am,0.13,1140,FALSE,0,850,0,106154.9947,19815.00528,0.948166616,35491.17525
1/10/2025,HF7_ISB,Howdy F7 Branch,11.7,5.3,15,,73.8,150932.81,Friday,943,0,Standalone,1pm–12am,0.13,1231.2,FALSE,0,943,0,157220.2302,-6287.420155,0.948166616,35491.17525
1/15/2025,HF7_ISB,Howdy F7 Branch,8.2,0.9,13,,69.8,117226.2,Wednesday,791,1,Standalone,1pm–12am,0.13,1140,TRUE,0,791,0,105592.0929,11634.10706,0.948166616,35491.17525
1/23/2025,HF7_ISB,Howdy F7 Branch,16.7,6,15,,79.1,141382.8,Thursday,954,0,Standalone,1pm–12am,0.13,1140,FALSE,0,954,0,144775.2076,-3392.40763,0.948166616,35491.17525
2/10/2025,HF7_ISB,Howdy F7 Branch,13.6,3.3,7,,57.5,349592.4,Monday,897,1,Standalone,1pm–12am,0.38,1140,TRUE,1,807,1,390832.3257,-41239.92573,0.948166616,35491.17525
2/16/2025,HF7_ISB,Howdy F7 Branch,14.2,0.6,6,Combo,100,473999.69,Sunday,939,0,Standalone,1pm–12am,0.41,1231.2,FALSE,0,939,0,470956.4939,3043.196112,0.948166616,35491.17525
2/18/2025,HF7_ISB,Howdy F7 Branch,13.4,2.3,6,Combo,80.2,388876.8,Tuesday,832,0,Standalone,1pm–12am,0.41,1140,FALSE,0,832,0,426142.2414,-37265.44137,0.948166616,35491.17525
2/24/2025,HF7_ISB,Howdy F7 Branch,14.3,7.4,10,Combo,91.4,456182.4,Monday,976,0,Standalone,1pm–12am,0.41,1140,FALSE,0,976,0,458364.169,-2181.768983,0.948166616,35491.17525
2/27/2025,HF7_ISB,Howdy F7 Branch,11.8,11.9,6,Combo,75.5,434066.4,Thursday,1002,0,Standalone,1pm–12am,0.38,1140,FALSE,0,1002,0,428073.6416,5992.758446,0.948166616,35491.17525
3/8/2025,HF7_ISB,Howdy F7 Branch,18.5,4.4,10,,99,201916.8,Saturday,1025,0,Standalone,1pm–12am,0.16,1231.2,FALSE,0,1025,0,210075.0373,-8158.237291,0.948166616,35491.17525
3/26/2025,HF7_ISB,Howdy F7 Branch,14.8,4.8,5,,74.6,138863.4,Wednesday,937,0,Standalone,1pm–12am,0.13,1140,FALSE,0,937,0,142361.5808,-3498.18084,0.948166616,35491.17525
3/30/2025,HF7_ISB,Howdy F7 Branch,18.1,2,10,,84.4,187733.38,Sunday,953,0,Standalone,1pm–12am,0.16,1231.2,FALSE,0,953,0,197602.9657,-9869.585724,0.948166616,35491.17525
1/3/2025,HGIGA_ISB,Howdy - Giga Mall,8.4,0.5,12,,87.6,142767.9,Friday,1100,0,Mall,1pm–12am,0.11,1179.9,FALSE,0,1100,0,154796.4099,-12028.50995,0.994329118,11390.94839
1/10/2025,HGIGA_ISB,Howdy - Giga Mall,8.5,2.7,11,,85.3,110450.44,Friday,851,0,Mall,1pm–12am,0.11,1179.9,FALSE,0,851,0,105275.3444,5175.095621,0.994329118,11390.94839
1/12/2025,HGIGA_ISB,Howdy - Giga Mall,5.9,2,12,,61.2,80327.59,Sunday,851,1,Mall,1pm–12am,0.08,1179.9,TRUE,0,851,0,74862.57531,5465.01469,0.994329118,11390.94839
1/15/2025,HGIGA_ISB,Howdy - Giga Mall,5.9,2,8,,67.9,78310.4,Wednesday,896,1,Mall,1pm–12am,0.08,1092.5,TRUE,0,896,0,72300.03435,6010.365651,0.994329118,11390.94839
1/18/2025,HGIGA_ISB,Howdy - Giga Mall,10.6,1.1,14,,87.2,129659.21,Saturday,999,0,Mall,1pm–12am,0.11,1179.9,FALSE,0,999,0,134977.6526,-5318.4426,0.994329118,11390.94839
1/24/2025,HGIGA_ISB,Howdy - Giga Mall,5.4,6.7,12,,73.6,100055.52,Friday,1060,0,Mall,1pm–12am,0.08,1179.9,FALSE,0,1060,0,114132.9974,-14077.47739,0.994329118,11390.94839
1/27/2025,HGIGA_ISB,Howdy - Giga Mall,10.2,2.9,7,,73,78660,Monday,900,0,Mall,1pm–12am,0.08,1092.5,FALSE,0,900,0,71530.24381,7129.756195,0.994329118,11390.94839
1/30/2025,HGIGA_ISB,Howdy - Giga Mall,15.3,2.7,5,,65.3,68783.8,Thursday,875,1,Mall,1pm–12am,0.08,1092.5,TRUE,1,787,1,50555.40331,18228.39669,0.994329118,11390.94839
2/5/2025,HGIGA_ISB,Howdy - Giga Mall,13,0.8,7,Combo,85.2,454261.5,Wednesday,1155,0,Mall,1pm–12am,0.36,1092.5,FALSE,0,1155,0,475603.5975,-21342.09751,0.994329118,11390.94839
2/10/2025,HGIGA_ISB,Howdy - Giga Mall,9.3,1.4,12,BOGO,74.5,469403.55,Monday,1302,0,Mall,1pm–12am,0.33,1092.5,FALSE,0,1302,0,467091.3104,2312.239578,0.994329118,11390.94839
2/23/2025,HGIGA_ISB,Howdy - Giga Mall,9,0.5,12,BOGO,80.8,450674.6,Sunday,1061,0,Mall,1pm–12am,0.36,1179.9,FALSE,0,1061,0,462917.0667,-12242.46667,0.994329118,11390.94839
2/25/2025,HGIGA_ISB,Howdy - Giga Mall,13.9,0.5,10,BOGO,92.5,418864.5,Tuesday,1065,0,Mall,1pm–12am,0.36,1092.5,FALSE,0,1065,0,450968.2736,-32103.77359,0.994329118,11390.94839
2/26/2025,HGIGA_ISB,Howdy - Giga Mall,9.4,1.4,5,BOGO,84.6,484545.6,Wednesday,1232,0,Mall,1pm–12am,0.36,1092.5,FALSE,0,1232,0,486240.183,-1694.582953,0.994329118,11390.94839
3/2/2025,HGIGA_ISB,Howdy - Giga Mall,19.2,0.6,6,,79.4,90899.5,Sunday,963,0,Mall,1pm–12am,0.08,1179.9,FALSE,0,963,0,90702.89849,196.6015077,0.994329118,11390.94839
3/7/2025,HGIGA_ISB,Howdy - Giga Mall,19.1,3.2,13,,82.7,112786.64,Friday,869,0,Mall,1pm–12am,0.11,1179.9,FALSE,0,869,0,110155.1731,2631.466878,0.994329118,11390.94839
3/12/2025,HGIGA_ISB,Howdy - Giga Mall,13,4.6,15,,94.2,127986.38,Wednesday,1065,0,Mall,1pm–12am,0.11,1092.5,FALSE,0,1065,0,138076.871,-10090.49103,0.994329118,11390.94839
3/18/2025,HGIGA_ISB,Howdy - Giga Mall,15.6,2.6,15,,86.2,121977.62,Tuesday,1015,0,Mall,1pm–12am,0.11,1092.5,FALSE,0,1015,0,130048.6968,-8071.076773,0.994329118,11390.94839
3/21/2025,HGIGA_ISB,Howdy - Giga Mall,14.7,10.3,15,,88.1,119535.67,Friday,921,0,Mall,1pm–12am,0.11,1179.9,FALSE,0,921,0,120520.935,-985.2650481,0.994329118,11390.94839
3/25/2025,HGIGA_ISB,Howdy - Giga Mall,14.8,1.6,12,,93.1,126424.1,Tuesday,1052,0,Mall,1pm–12am,0.11,1092.5,FALSE,0,1052,0,134737.3356,-8313.235576,0.994329118,11390.94839
3/26/2025,HGIGA_ISB,Howdy - Giga Mall,18.2,5.9,7,,79.9,76212.8,Wednesday,872,0,Mall,1pm–12am,0.08,1092.5,FALSE,0,872,0,64266.87977,11945.92023,0.994329118,11390.94839
1/7/2025,RARE_F6_ISB,Rare - F-6,14.6,2.3,8,,69.1,236000,Tuesday,590,1,Standalone,4pm–12am,0.16,2500,TRUE,0,590,0,214031.5716,21968.42839,0.98657774,15474.88418
1/12/2025,RARE_F6_ISB,Rare - F-6,9.9,3.8,10,BOGO,93.7,729265.68,Sunday,787,0,Standalone,4pm–12am,0.39,2376,FALSE,0,787,0,691230.9622,38034.71781,0.98657774,15474.88418
1/16/2025,RARE_F6_ISB,Rare - F-6,7.5,3.1,11,,89.9,345800,Thursday,728,0,Standalone,4pm–12am,0.19,2500,FALSE,0,728,0,353876.1504,-8076.150446,0.98657774,15474.88418
1/18/2025,RARE_F6_ISB,Rare - F-6,11,3.7,6,BOGO,79.2,474724.8,Saturday,555,0,Standalone,4pm–12am,0.36,2376,FALSE,0,555,0,484284.5687,-9559.76875,0.98657774,15474.88418
1/19/2025,RARE_F6_ISB,Rare - F-6,10.3,9,9,Combo,93.6,540207.36,Sunday,784,0,Standalone,4pm–12am,0.29,2376,FALSE,0,784,0,528822.5671,11384.79285,0.98657774,15474.88418
1/22/2025,RARE_F6_ISB,Rare - F-6,13.4,2.2,13,,73.2,294800,Wednesday,737,0,Standalone,4pm–12am,0.16,2500,FALSE,0,737,0,314319.5272,-19519.52717,0.98657774,15474.88418
2/7/2025,RARE_F6_ISB,Rare - F-6,12.9,5.6,5,Discount,79.4,397575,Friday,500,0,Standalone,4pm–12am,0.31,2565,FALSE,0,500,0,407351.0573,-9776.057263,0.98657774,15474.88418
2/11/2025,RARE_F6_ISB,Rare - F-6,10.7,0.6,14,BOGO,77.6,547272,Tuesday,691,0,Standalone,4pm–12am,0.36,2200,FALSE,0,691,0,543255.0078,4016.992202,0.98657774,15474.88418
2/16/2025,RARE_F6_ISB,Rare - F-6,14.5,2.7,11,Combo,99.5,387240.48,Sunday,562,0,Standalone,4pm–12am,0.29,2376,FALSE,0,562,0,382256.6874,4983.792552,0.98657774,15474.88418
2/23/2025,RARE_F6_ISB,Rare - F-6,11.8,4.6,15,BOGO,81.2,539304.48,Sunday,582,0,Standalone,4pm–12am,0.39,2376,FALSE,0,582,0,546645.3962,-7340.916225,0.98657774,15474.88418
2/24/2025,RARE_F6_ISB,Rare - F-6,13.2,3.1,14,Discount,82.2,480462.5,Monday,595,0,Standalone,4pm–12am,0.34,2375,FALSE,0,595,0,481433.8937,-971.3937193,0.98657774,15474.88418
2/26/2025,RARE_F6_ISB,Rare - F-6,12.1,1.9,12,Combo,88.7,407682,Wednesday,639,0,Standalone,4pm–12am,0.29,2200,FALSE,0,639,0,400315.0459,7366.95409,0.98657774,15474.88418
3/7/2025,RARE_F6_ISB,Rare - F-6,14.1,5.4,13,Discount,63.7,517642.65,Friday,651,1,Standalone,4pm–12am,0.31,2565,TRUE,0,651,0,511974.7053,5667.944707,0.98657774,15474.88418
3/26/2025,RARE_F6_ISB,Rare - F-6,17.8,0.7,13,BOGO,84.4,455598,Wednesday,531,0,Standalone,4pm–12am,0.39,2200,FALSE,0,531,0,479593.3409,-23995.34094,0.98657774,15474.88418
3/27/2025,RARE_F6_ISB,Rare - F-6,20.1,2.8,14,,96,325375,Thursday,685,0,Standalone,4pm–12am,0.19,2500,FALSE,0,685,0,322419.9284,2955.071637,0.98657774,15474.88418
3/30/2025,RARE_F6_ISB,Rare - F-6,19.5,4.7,10,Combo,75.3,461466.72,Sunday,747,0,Standalone,4pm–12am,0.26,2376,FALSE,0,747,0,463068.3336,-1601.613565,0.98657774,15474.88418
